Loan_ID,Channel,Seller,Interest_Rate,UPB,Loan_Term,Origination_Date,First_Payment_Date,LTV,CLTV,Num_Borrowers,DTI,Borrower_FICO,First_Time_Buyer,Loan_Purpose,Dwelling_Type,Unit_Count,Occupancy,State,Zip,Insurance%,Product,Mortgage_Insurance_Type,Relocation_Indicator,Period,Current_IR,Current_UPB,Age,Mod_Ind,Zero_Bal_Cd,FICO_bins,Term_bins,Current_Status,Origin_Month,Origin_Year
571724985807,R,OTHER,5.625,152000,360,07/2003,09/2003,95,95,1,31,790,N,P,CO,1,S,PR,6,30,FRM,1,N,200905,5.625,139021.33,69,N,Prepaid,780+,<= 30 Years,Prepaid,9,2003
449372773604,R,OTHER,5.5,101000,300,07/2003,09/2003,78,78,1,35,724,N,C,CO,1,P,PR,9,0,FRM,0,N,200808,5.5,1030.92,60,N,Prepaid,700-740,<= 30 Years,Prepaid,9,2003
707922538167,R,OTHER,4.625,150000,180,09/2003,11/2003,38,38,1,20,798,N,R,CO,1,P,CA,917,0,FRM,0,N,201010,4.625,77671.19,84,N,Prepaid,780+,<=15 Years,Prepaid,11,2003
399420778435,R,OTHER,5.375,143000,360,08/2003,10/2003,95,95,1,28,749,N,P,CO,1,P,PR,9,25,FRM,1,N,200506,5.375,138992.22,21,N,Prepaid,740-780,<= 30 Years,Prepaid,10,2003
853031052373,R,OTHER,6.25,80000,360,09/2003,11/2003,62,62,1,47,694,N,P,CO,1,P,PR,9,0,FRM,0,N,201001,6.25,73126.87,75,N,Prepaid,660-700,<= 30 Years,Prepaid,11,2003
717328007486,R,OTHER,5.625,208000,360,08/2003,10/2003,80,80,1,23,709,N,P,CO,1,P,PR,9,0,FRM,0,N,201306,5.625,157069.66,117,N,Prepaid,700-740,<= 30 Years,Prepaid,10,2003
333249122054,R,OTHER,6,96000,360,10/2003,12/2003,56,56,1,64,740,N,P,CO,1,P,PR,9,0,FRM,0,N,201906,6,66162.9,187,N,Current,700-740,<= 30 Years,Current,12,2003
474486394385,B,"JPMORGAN CHASE BANK, NA",5.75,242000,360,05/2003,07/2003,94,95,3,11,732,N,P,CO,1,P,CO,803,30,FRM,1,N,201111,5.75,209856.67,101,N,Prepaid,700-740,<= 30 Years,Prepaid,7,2003
632810836376,R,OTHER,5.875,142000,360,07/2003,09/2003,89,89,1,46,773,N,R,CO,1,P,MA,18,25,FRM,1,N,201208,5.875,120106.12,108,N,Prepaid,740-780,<= 30 Years,Prepaid,9,2003
573489181231,R,OTHER,6,137000,360,11/2002,01/2003,46,46,1,29,779,N,C,CO,1,P,CA,913,0,FRM,0,N,201906,6,88898.37,198,N,Current,740-780,<= 30 Years,Current,1,2003
609912677189,R,OTHER,6.25,60000,360,05/2003,08/2003,50,50,1,23,799,N,C,CO,1,P,CO,802,0,FRM,0,N,201406,6.25,49343.75,131,N,Prepaid,780+,<= 30 Years,Prepaid,8,2003
566990108504,R,OTHER,4.25,323000,180,09/2003,10/2003,32,32,1,38,820,N,R,CO,1,P,CA,926,0,FRM,0,N,201201,4.25,136600.8,100,N,Prepaid,780+,<=15 Years,Prepaid,10,2003
642656459651,R,OTHER,4.875,60000,180,08/2003,10/2003,38,38,1,28,775,N,R,CO,1,P,MD,208,0,FRM,0,N,201006,4.875,28173.84,81,N,Prepaid,740-780,<=15 Years,Prepaid,10,2003
340634802847,R,OTHER,6,77000,240,06/2003,08/2003,73,73,1,33,659,N,C,CO,1,I,PR,7,0,FRM,0,N,201001,6,57457.87,78,N,Prepaid,620-660,<= 30 Years,Prepaid,8,2003
125399588793,R,OTHER,6,57000,360,11/2002,02/2003,64,64,1,35,737,N,R,CO,1,P,NC,275,0,FRM,0,N,201904,6,38070.07,195,N,Prepaid,700-740,<= 30 Years,Prepaid,2,2003
925608540682,R,OTHER,5.625,114000,360,09/2003,11/2003,80,95,1,36,797,Y,P,CO,1,P,WA,980,0,FRM,0,N,201012,5.625,101629.33,86,N,Prepaid,780+,<= 30 Years,Prepaid,11,2003
708585228495,B,"CITIMORTGAGE, INC.",5.125,105000,180,09/2003,12/2003,70,70,2,40,797,N,C,CO,1,P,WA,981,0,FRM,0,N,201809,5.125,1535.4,178,N,Prepaid,780+,<=15 Years,Prepaid,12,2003
453696051943,C,"JPMORGAN CHASE BANK, NA",5.875,100000,360,10/2003,12/2003,59,59,2,22,714,N,P,CO,1,P,MD,208,0,FRM,0,N,200505,5.875,98197.16,18,N,Prepaid,700-740,<= 30 Years,Prepaid,12,2003
219866508788,R,OTHER,5.875,67000,180,12/2002,02/2003,44,44,1,28,789,N,C,CO,1,P,NH,31,0,FRM,0,N,200503,5.875,60823.58,26,N,Prepaid,780+,<=15 Years,Prepaid,2,2003
900268833945,C,"BANK OF AMERICA, N.A.",5.625,86000,360,07/2003,09/2003,80,80,1,37,628,Y,P,CP,1,P,NY,114,0,FRM,0,N,201609,5.625,50931.27,157,N,Prepaid,620-660,<= 30 Years,Prepaid,9,2003
800368565085,R,OTHER,5.875,156000,360,10/2003,12/2003,75,75,2,41,623,Y,P,CP,1,P,NY,100,0,FRM,0,N,201906,5.875,98274.22,187,N,Current,620-660,<= 30 Years,Current,12,2003
447393779144,B,"CITIMORTGAGE, INC.",6,213000,360,04/2003,06/2003,80,90,1,36,609,Y,P,CP,1,P,NY,100,0,FRM,0,N,201202,6,181520.3,105,N,Prepaid,0-620,<= 30 Years,Prepaid,6,2003
270899741976,R,"CITIMORTGAGE, INC.",5.25,323000,360,09/2003,12/2003,56,56,2,40,786,N,C,CP,1,P,NY,100,0,FRM,0,N,200906,5.25,294448.83,67,N,Prepaid,780+,<= 30 Years,Prepaid,12,2003
945993423310,C,"BANK OF AMERICA, N.A.",5.875,125000,360,10/2003,12/2003,30,30,1,33,769,N,C,CP,1,P,NY,101,0,FRM,0,N,201401,5.875,49441.8,122,N,Prepaid,740-780,<= 30 Years,Prepaid,12,2003
390542519455,B,"CITIMORTGAGE, INC.",6,264000,360,08/2003,10/2003,75,75,2,25,598,N,C,CP,1,P,NY,104,0,FRM,0,N,201101,6,223038.36,88,N,Prepaid,0-620,<= 30 Years,Prepaid,10,2003
246275536075,R,OTHER,4.875,50000,360,09/2003,11/2003,90,90,1,42,593,Y,P,CP,1,P,NY,104,17,FRM,1,N,201906,4.875,32151.69,188,N,Current,0-620,<= 30 Years,Current,11,2003
529032598385,B,"CITIMORTGAGE, INC.",4.5,107000,180,09/2003,11/2003,37,37,2,17,747,N,R,CP,1,P,NY,113,0,FRM,0,N,201301,4.5,37184.22,111,N,Prepaid,740-780,<=15 Years,Prepaid,11,2003
582145930791,R,OTHER,5.31,264000,180,06/2003,08/2003,80,80,1,51,558,N,P,CP,1,I,NY,100,0,FRM,0,N,200503,5.31,228306.73,20,N,Prepaid,0-620,<=15 Years,Prepaid,8,2003
412247470933,R,OTHER,5.5,178000,360,09/2003,11/2003,90,90,1,30,718,N,R,CP,1,P,CT,69,17,FRM,1,N,200608,5.5,171267.83,34,N,Prepaid,700-740,<= 30 Years,Prepaid,11,2003
177385150623,B,"CITIMORTGAGE, INC.",4.75,165000,180,08/2003,11/2003,67,67,2,23,781,N,C,CP,1,P,NY,100,0,FRM,0,N,200508,4.75,151226.51,22,N,Prepaid,780+,<=15 Years,Prepaid,11,2003
420297570545,R,"CITIMORTGAGE, INC.",6.25,67000,360,10/2003,12/2003,95,95,2,36,657,N,P,CP,1,P,NY,112,30,FRM,1,N,200510,6.25,63657.45,23,N,Prepaid,620-660,<= 30 Years,Prepaid,12,2003
998227468258,R,"CITIMORTGAGE, INC.",5.25,20000,360,08/2003,10/2003,30,90,1,47,698,N,R,CP,1,P,IL,606,0,FRM,0,N,200605,5.25,19118.62,32,N,Prepaid,660-700,<= 30 Years,Prepaid,10,2003
609221661741,B,"CITIMORTGAGE, INC.",5.375,143000,360,11/2003,12/2003,77,77,1,34,739,Y,P,CP,1,P,NY,113,0,FRM,0,N,201108,5.375,119728.41,93,N,Prepaid,700-740,<= 30 Years,Prepaid,12,2003
837076043892,R,"CITIMORTGAGE, INC.",6.125,112000,360,09/2003,11/2003,78,87,1,28,695,Y,P,CP,1,P,NY,113,0,FRM,0,N,200512,6.125,109494.95,26,N,Prepaid,660-700,<= 30 Years,Prepaid,11,2003
151411184207,R,"CITIMORTGAGE, INC.",5,51000,180,06/2003,08/2003,54,54,1,45,744,N,C,CP,1,P,NY,106,0,FRM,0,N,201712,5,785.79,173,N,Prepaid,740-780,<=15 Years,Prepaid,8,2003
495428467898,R,OTHER,5.875,60000,360,06/2003,08/2003,67,67,1,29,771,N,P,CP,1,P,MD,212,0,FRM,0,N,201304,5.875,46313.05,117,N,Prepaid,740-780,<= 30 Years,Prepaid,8,2003
455293878842,R,"CITIMORTGAGE, INC.",4.375,39000,180,09/2003,11/2003,80,80,1,34,777,N,P,CP,1,S,NY,113,0,FRM,0,N,201808,4.375,777.09,178,N,Prepaid,740-780,<=15 Years,Prepaid,11,2003
839388408232,R,"CITIMORTGAGE, INC.",5.75,260000,360,10/2003,12/2003,69,80,2,23,787,N,R,CP,1,P,NY,100,0,FRM,0,N,201906,5.75,177081,187,N,Current,780+,<= 30 Years,Current,12,2003
748679704043,C,"BANK OF AMERICA, N.A.",5.75,130000,240,10/2003,12/2003,73,73,2,43,761,N,P,MH,1,P,OR,970,0,FRM,0,N,201406,5.75,38270.94,127,N,Prepaid,740-780,<= 30 Years,Prepaid,12,2003
587701704485,C,"BANK OF AMERICA, N.A.",6.375,111000,360,10/2003,12/2003,57,57,1,29,781,N,R,MH,1,P,CO,806,0,FRM,0,N,201105,6.375,99175.19,90,N,Prepaid,780+,<= 30 Years,Prepaid,12,2003
230291024302,R,OTHER,5,100000,180,05/2003,07/2003,74,74,2,26,753,N,R,MH,1,P,AZ,859,0,FRM,0,N,201509,5,24895.6,147,N,Prepaid,740-780,<=15 Years,Prepaid,7,2003
434092387389,C,"BANK OF AMERICA, N.A.",5.5,96000,360,10/2003,12/2003,72,72,2,14,744,N,P,MH,1,P,ID,832,0,FRM,0,N,201904,5.5,65560.47,185,N,Prepaid,740-780,<= 30 Years,Prepaid,12,2003
954936229023,R,SUNTRUST MORTGAGE INC.,7.125,55000,180,10/2003,12/2003,65,65,1,31,562,N,C,MH,1,P,VA,241,0,FRM,0,N,200902,7.125,40765.41,63,N,Prepaid,0-620,<=15 Years,Prepaid,12,2003
919100278906,R,OTHER,5,92000,180,05/2003,07/2003,83,83,2,41,660,Y,P,MH,1,P,AZ,853,12,FRM,1,N,200504,5,84326.78,22,N,Prepaid,620-660,<=15 Years,Prepaid,7,2003
877071118881,R,OTHER,6,119000,360,10/2003,12/2003,73,73,2,37,664,N,R,MH,1,P,WI,548,0,FRM,0,N,200706,6,114885.47,43,N,Prepaid,660-700,<= 30 Years,Prepaid,12,2003
897035212800,C,"JPMORGAN CHASE BANK, NA",5.875,84000,360,04/2003,06/2003,74,74,1,33,531,N,P,MH,1,P,FL,320,0,FRM,0,N,201906,5.875,52458.07,193,N,Current,0-620,<= 30 Years,Current,6,2003
884550816686,C,"BANK OF AMERICA, N.A.",5.75,75000,360,09/2003,11/2003,58,58,2,28,806,N,R,MH,1,P,CA,932,0,FRM,0,N,200502,5.75,73342.55,16,N,Prepaid,780+,<= 30 Years,Prepaid,11,2003
304916745494,C,"BANK OF AMERICA, N.A.",5.875,85000,360,10/2003,12/2003,63,63,2,46,765,N,P,MH,1,P,OR,974,0,FRM,0,N,200807,5.875,77890.78,56,N,Prepaid,740-780,<= 30 Years,Prepaid,12,2003
577985275299,C,"BANK OF AMERICA, N.A.",6,74000,360,09/2003,11/2003,62,62,1,24,609,N,R,MH,1,P,MI,488,0,FRM,0,N,201001,6,2051.88,75,N,Prepaid,0-620,<= 30 Years,Prepaid,11,2003
211504192709,C,"BANK OF AMERICA, N.A.",4.75,76000,180,08/2003,11/2003,55,55,1,20,778,N,C,MH,1,P,MI,499,0,FRM,0,N,201807,4.75,680.9,177,N,Prepaid,740-780,<=15 Years,Prepaid,11,2003
732785679729,C,"IRWIN MORTGAGE, CORPORATION",5.375,87000,180,09/2003,11/2003,90,90,1,47,625,N,R,MH,1,P,KY,404,25,FRM,1,N,200603,5.375,77612.79,29,N,Prepaid,620-660,<=15 Years,Prepaid,11,2003
403076503055,R,OTHER,5,77000,235,05/2003,07/2003,55,55,1,26,780,N,R,MH,1,P,CA,925,0,FRM,0,N,201906,5,9488.95,192,N,Current,740-780,<= 30 Years,Current,7,2003
291206850718,C,"BANK OF AMERICA, N.A.",5.375,97000,180,10/2003,12/2003,65,65,2,19,792,N,C,MH,1,P,ME,400,0,FRM,0,N,200907,5.375,69483.5,68,N,Prepaid,780+,<=15 Years,Prepaid,12,2003
541532834066,C,"BANK OF AMERICA, N.A.",5.875,77000,360,10/2003,12/2003,64,64,2,17,713,N,R,MH,1,P,ID,832,0,FRM,0,N,201107,5.875,67941.42,92,N,Prepaid,700-740,<= 30 Years,Prepaid,12,2003
134136265206,R,"IRWIN MORTGAGE, CORPORATION",6.375,82000,360,02/2003,04/2003,87,87,1,42,583,N,R,MH,1,P,SC,290,30,FRM,1,N,201202,6.375,72869.43,107,N,REO,0-620,<= 30 Years,Underperforming,4,2003
761906668557,C,"BANK OF AMERICA, N.A.",4.75,146000,180,07/2003,09/2003,57,57,1,45,755,N,R,MH,1,P,VA,229,0,FRM,0,N,201110,4.75,70666.74,98,N,Prepaid,740-780,<=15 Years,Prepaid,9,2003
448493304271,B,"JPMORGAN CHASE BANK, NA",5.5,54000,360,04/2003,06/2003,72,72,2,7,780,N,R,MH,1,P,LA,706,0,FRM,0,N,201104,5.5,36565.1,95,N,Prepaid,740-780,<= 30 Years,Prepaid,6,2003
824841673196,C,"CITIMORTGAGE, INC.",5.375,238000,360,04/2003,06/2003,80,80,1,61,719,N,P,PU,1,P,CA,923,0,FRM,0,N,200909,5.375,214165.63,76,N,Prepaid,700-740,<= 30 Years,Prepaid,6,2003
121778093549,R,OTHER,6,54000,360,04/2003,06/2003,39,39,2,31,791,N,R,PU,1,P,SC,295,0,FRM,0,N,201004,6,48567.2,83,N,Prepaid,780+,<= 30 Years,Prepaid,6,2003
584746094904,R,OTHER,6.375,120000,360,11/2002,01/2003,33,33,2,38,720,N,R,PU,1,P,AZ,856,0,FRM,0,N,200411,6.375,120000,23,N,Prepaid,700-740,<= 30 Years,Prepaid,1,2003
365294823320,R,OTHER,5.25,248000,180,06/2003,08/2003,59,59,2,26,650,N,C,PU,1,P,VA,201,0,FRM,0,N,200909,5.25,169103.47,74,N,Prepaid,620-660,<=15 Years,Prepaid,8,2003
470464374843,R,OTHER,4.625,180000,180,03/2003,05/2003,38,59,2,39,777,N,C,PU,1,P,CA,928,0,FRM,0,N,201011,4.625,105426.17,91,N,Prepaid,740-780,<=15 Years,Prepaid,5,2003
648572447188,R,SUNTRUST MORTGAGE INC.,5.875,91000,360,08/2003,11/2003,64,64,1,29,680,N,C,PU,1,P,FL,334,0,FRM,0,N,200506,5.875,89157.33,20,N,Prepaid,660-700,<= 30 Years,Prepaid,11,2003
764483304832,R,OTHER,5.125,140000,180,10/2003,12/2003,34,34,2,29,732,N,C,PU,1,P,VA,201,0,FRM,0,N,201809,5.125,2440.71,178,N,Prepaid,700-740,<=15 Years,Prepaid,12,2003
527815945980,R,OTHER,6,247000,360,11/2002,01/2003,54,54,2,43,773,N,C,PU,1,P,CO,801,0,FRM,0,N,200905,6,212556.57,77,N,Prepaid,740-780,<= 30 Years,Prepaid,1,2003
961602689623,R,OTHER,6.25,194000,360,12/2003,12/2003,90,90,2,32,762,N,C,PU,1,P,CO,802,25,FRM,1,N,200704,6.25,185358.55,41,N,Prepaid,740-780,<= 30 Years,Prepaid,12,2003
399810365297,R,SUNTRUST MORTGAGE INC.,5.875,35000,360,05/2003,07/2003,17,17,2,39,776,N,C,PU,1,P,SC,299,0,FRM,0,N,200502,5.875,34291.21,20,N,Prepaid,740-780,<= 30 Years,Prepaid,7,2003
491294148960,R,OTHER,6.125,170000,360,01/2003,03/2003,37,37,2,14,744,N,C,PU,1,P,NC,276,0,FRM,0,N,200907,6.125,154705.78,77,N,Prepaid,740-780,<= 30 Years,Prepaid,3,2003
566650171378,R,OTHER,4.875,115000,180,09/2003,11/2003,38,38,1,18,783,N,C,PU,1,P,VA,220,0,FRM,0,N,201001,4.875,77417.97,75,N,Prepaid,780+,<=15 Years,Prepaid,11,2003
981661017448,R,OTHER,5.375,115000,180,09/2003,11/2003,70,70,2,27,778,N,R,PU,1,S,FL,328,0,FRM,0,N,201512,5.375,1368.37,146,N,Prepaid,740-780,<=15 Years,Prepaid,11,2003
235335856777,R,OTHER,4.875,70000,180,09/2003,11/2003,45,45,1,19,778,N,C,PU,1,P,MD,207,0,FRM,0,N,201604,4.875,6607.21,150,N,Prepaid,740-780,<=15 Years,Prepaid,11,2003
488613592422,R,OTHER,4.875,272000,360,10/2003,11/2003,51,51,2,39,679,N,R,PU,1,P,CA,928,0,FRM,0,N,201906,4.875,177002.42,188,N,Current,660-700,<= 30 Years,Current,11,2003
880272646321,R,OTHER,5.125,147000,180,09/2003,11/2003,56,56,1,19,765,N,C,PU,1,P,VA,201,0,FRM,0,N,201611,5.125,16740.38,157,N,Prepaid,740-780,<=15 Years,Prepaid,11,2003
666563698755,R,SUNTRUST MORTGAGE INC.,6.375,70000,360,09/2003,11/2003,67,67,2,43,686,N,P,PU,1,P,FL,347,0,FRM,0,N,200607,6.375,67745.01,33,N,Prepaid,660-700,<= 30 Years,Prepaid,11,2003
429911656646,R,OTHER,5.625,136000,360,10/2003,12/2003,94,94,1,30,706,N,R,PU,1,P,OR,970,25,FRM,1,N,201407,5.625,110440.12,128,N,Prepaid,700-740,<= 30 Years,Prepaid,12,2003
390529552139,R,SUNTRUST MORTGAGE INC.,5.25,147000,360,08/2003,10/2003,76,89,2,19,629,N,R,PU,1,P,FL,327,0,FRM,0,N,200608,5.25,138183.3,35,N,Prepaid,620-660,<= 30 Years,Prepaid,10,2003
923298009405,R,OTHER,5.125,176000,240,08/2003,09/2003,45,45,2,27,765,N,C,SF,1,P,CA,928,0,FRM,0,N,201002,5.125,137120.02,78,N,Prepaid,740-780,<= 30 Years,Prepaid,9,2003
219314650716,R,OTHER,5.25,67000,144,08/2003,10/2003,70,70,1,38,769,N,C,SF,1,I,FL,335,0,FRM,0,N,201306,5.25,3728.62,117,N,Prepaid,740-780,<=15 Years,Prepaid,10,2003
478779114023,R,OTHER,4,114000,120,08/2003,10/2003,58,58,2,19,679,N,C,SF,1,P,WA,982,0,FRM,0,N,201211,4,10544.3,110,N,Prepaid,660-700,<=15 Years,Prepaid,10,2003
534823450302,C,"JPMORGAN CHASE BANK, NA",5.75,150000,360,05/2003,07/2003,87,87,1,34,656,N,R,SF,1,P,VA,231,25,FRM,1,N,200903,5.75,139097.25,69,N,Prepaid,620-660,<= 30 Years,Prepaid,7,2003
501272008131,R,OTHER,6,146000,360,02/2003,04/2003,75,75,1,27,797,N,C,SF,1,P,CA,956,0,FRM,0,N,201302,6,122916.48,119,N,Prepaid,780+,<= 30 Years,Prepaid,4,2003
132130674923,R,OTHER,5.125,172000,240,08/2003,09/2003,80,80,2,23,709,N,R,SF,1,P,CA,928,0,FRM,0,N,200911,5.125,135291.84,75,N,Prepaid,700-740,<= 30 Years,Prepaid,9,2003
214437117675,C,"BANK OF AMERICA, N.A.",6.625,40000,120,10/2003,12/2003,50,50,1,63,687,N,C,SF,1,I,KS,660,0,FRM,0,N,200711,6.625,26974.98,48,N,Prepaid,660-700,<=15 Years,Prepaid,12,2003
953691118334,R,OTHER,5.125,185000,360,06/2003,08/2003,40,40,1,29,704,N,P,SF,1,P,WA,981,0,FRM,0,N,201407,5.125,144722.26,132,N,Prepaid,700-740,<= 30 Years,Prepaid,8,2003
352126537110,R,OTHER,6.25,105000,360,11/2002,01/2003,42,61,2,35,779,N,C,SF,1,P,IL,606,0,FRM,0,N,200901,6.25,87799.66,73,N,Prepaid,740-780,<= 30 Years,Prepaid,1,2003
831689244463,C,"BANK OF AMERICA, N.A.",5.25,231000,360,07/2003,10/2003,58,58,2,12,768,N,R,SF,1,P,MI,495,0,FRM,0,N,200905,5.25,210059.11,68,N,Prepaid,740-780,<= 30 Years,Prepaid,10,2003
128437672961,C,"CITIMORTGAGE, INC.",5.5,215000,360,08/2003,10/2003,76,76,2,21,666,N,C,SF,1,P,MD,211,0,FRM,0,N,200411,5.5,215000,14,N,Prepaid,660-700,<= 30 Years,Prepaid,10,2003
205629822136,R,"GMAC MORTGAGE, LLC",6.375,155000,240,10/2003,11/2003,57,57,2,22,797,N,C,SF,1,P,NY,115,0,FRM,0,N,201111,6.375,72828.22,97,N,Prepaid,780+,<= 30 Years,Prepaid,11,2003
521283147347,R,OTHER,6.125,179000,360,08/2003,10/2003,78,78,2,31,621,N,P,SF,1,P,CA,936,0,FRM,0,N,200512,6.125,171404.83,27,N,Prepaid,620-660,<= 30 Years,Prepaid,10,2003
619856163661,R,OTHER,6,96000,360,09/2003,11/2003,68,68,2,52,749,N,C,SF,1,P,PR,7,0,FRM,0,N,201110,6,86909.99,96,N,Prepaid,740-780,<= 30 Years,Prepaid,11,2003
980197025922,R,"JPMORGAN CHASE BANK, NA",5.25,265000,360,07/2003,09/2003,97,97,3,37,758,N,P,SF,1,P,CA,958,30,FRM,1,N,201304,5.25,219281.09,116,N,Prepaid,740-780,<= 30 Years,Prepaid,9,2003
845394578370,R,OTHER,5.275,51000,159,02/2003,04/2003,38,38,2,12,794,N,P,SF,1,P,OH,452,0,FRM,0,N,200707,5.275,38338.04,52,N,Prepaid,780+,<=15 Years,Prepaid,4,2003
313241251679,R,OTHER,4.75,46000,120,10/2003,12/2003,57,57,1,24,785,Y,P,SF,1,P,FL,346,0,FRM,0,N,200508,4.75,39764.41,21,N,Prepaid,780+,<=15 Years,Prepaid,12,2003
243094086956,R,OTHER,5.125,199000,240,06/2003,08/2003,80,80,2,39,749,Y,P,SF,1,P,CA,926,0,FRM,0,N,201108,5.125,142661.03,97,N,Prepaid,740-780,<= 30 Years,Prepaid,8,2003
870735430249,R,OTHER,4.95,57000,180,08/2003,10/2003,26,26,2,35,751,N,C,SF,1,P,OH,440,0,FRM,0,N,200712,4.95,45372.89,51,N,Prepaid,740-780,<=15 Years,Prepaid,10,2003
234840755135,R,OTHER,5.75,75000,180,08/2008,10/2008,54,54,1,41,661,N,C,CO,1,P,PR,9,0,FRM,0,N,201705,5.75,39716.02,104,N,Prepaid,660-700,<=15 Years,Prepaid,10,2008
185611902897,C,"JPMORGAN CHASE BANK, NATIONAL ASSOCIATION",6.5,105000,360,08/2008,10/2008,95,95,1,60,762,Y,P,CO,1,P,IL,606,30,FRM,1,N,200911,6.5,103193.03,14,N,Prepaid,740-780,<= 30 Years,Prepaid,10,2008
316025877396,B,FLAGSTAR CAPITAL MARKETS CORPORATION,5.875,417000,360,06/2008,08/2008,65,65,2,26,724,Y,P,CO,1,P,CA,900,0,FRM,0,N,200901,5.875,417000,6,N,Prepaid,700-740,<= 30 Years,Prepaid,8,2008
151358038161,C,"WELLS FARGO BANK, N.A.",6.375,40000,360,06/2008,08/2008,97,97,1,36,776,N,P,CO,1,P,TX,775,35,FRM,1,N,201906,6.375,15140.26,131,N,Current,740-780,<= 30 Years,Current,8,2008
165640973452,B,"CITIMORTGAGE, INC.",6.625,120000,360,08/2008,10/2008,71,71,1,53,798,N,P,CO,1,S,FL,330,0,FRM,0,N,201009,6.625,117411.25,24,N,Prepaid,780+,<= 30 Years,Prepaid,10,2008
139659122562,B,"HSBC BANK USA, NATIONAL ASSOCIATION",5.875,417000,360,06/2008,08/2008,48,66,3,49,794,N,P,CO,1,P,NY,100,0,FRM,0,N,201011,5.875,16176.14,28,N,Prepaid,780+,<= 30 Years,Prepaid,8,2008
315124832786,C,FLAGSTAR CAPITAL MARKETS CORPORATION,6.75,212000,360,08/2008,10/2008,79,79,1,29,748,N,R,CO,1,P,CA,920,0,FRM,0,N,201110,6.75,204738.85,37,N,Prepaid,740-780,<= 30 Years,Prepaid,10,2008
356624319315,C,"WELLS FARGO BANK, N.A.",5.875,192000,180,08/2008,10/2008,47,47,1,33,808,N,P,CO,1,S,TX,787,0,FRM,0,N,201111,5.875,2227.47,38,N,Prepaid,780+,<=15 Years,Prepaid,10,2008
193675570415,R,OTHER,5.75,127000,360,06/2008,09/2008,95,95,1,58,767,Y,P,CO,1,P,HI,967,25,FRM,1,N,201404,5.75,115555.73,68,N,Prepaid,740-780,<= 30 Years,Prepaid,9,2008
166685866304,B,"JPMORGAN CHASE BANK, NATIONAL ASSOCIATION",6.75,102000,360,08/2008,10/2008,90,90,2,64,696,N,P,CO,1,S,TX,787,25,FRM,1,N,201302,6.75,96342.09,53,N,Prepaid,660-700,<= 30 Years,Prepaid,10,2008
265782121999,R,"WELLS FARGO BANK, N.A.",6,257000,360,06/2008,08/2008,80,95,1,47,792,N,P,CO,1,P,TX,787,0,FRM,0,N,201105,6,247851.8,34,N,Prepaid,780+,<= 30 Years,Prepaid,8,2008
247934859770,R,"BANK OF AMERICA, N.A.",6,54000,360,06/2008,08/2008,76,76,1,37,768,U,P,CO,1,I,FL,334,0,FRM,0,N,201802,6,44641.3,115,N,Prepaid,740-780,<= 30 Years,Prepaid,8,2008
250717254106,R,SUNTRUST MORTGAGE INC.,6.375,66000,360,08/2008,10/2008,80,80,1,38,723,N,C,CO,1,P,FL,321,0,FRM,0,N,201906,6.375,52943.53,129,N,Current,700-740,<= 30 Years,Current,10,2008
179455159884,C,"JPMORGAN CHASE BANK, NATIONAL ASSOCIATION",5.875,130000,180,05/2008,07/2008,73,73,2,49,794,N,C,CO,1,P,MI,494,0,FRM,0,N,200909,5.875,122994.68,15,N,Prepaid,780+,<=15 Years,Prepaid,7,2008
361502622954,B,"CITIMORTGAGE, INC.",6,116000,360,06/2008,08/2008,43,43,1,35,755,N,R,CO,1,P,CA,935,0,FRM,0,N,200909,6,114452.88,14,N,Prepaid,740-780,<= 30 Years,Prepaid,8,2008
136138569618,C,"JPMORGAN CHASE BANK, NATIONAL ASSOCIATION",6.375,104000,360,07/2008,09/2008,80,80,1,19,783,N,P,CO,1,S,TX,770,0,FRM,0,N,200910,6.375,103513.26,14,N,Prepaid,780+,<= 30 Years,Prepaid,9,2008
302768038067,B,"JPMORGAN CHASE BANK, NATIONAL ASSOCIATION",5.875,158000,360,06/2008,08/2008,90,90,1,33,712,Y,P,CO,1,P,NJ,80,17,FRM,1,N,201410,5.875,140003.96,75,N,Prepaid,700-740,<= 30 Years,Prepaid,8,2008
341385910192,R,OTHER,6.625,172000,360,06/2008,08/2008,80,80,1,13,807,N,P,CO,1,S,LA,701,0,FRM,0,N,200906,6.625,170444.27,11,N,Prepaid,780+,<= 30 Years,Prepaid,8,2008
297509237722,R,"JPMORGAN CHASE BANK, NATIONAL ASSOCIATION",5.5,730000,180,07/2008,09/2008,27,27,1,40,710,N,R,CO,1,P,NY,100,0,FRM,0,N,201009,5.5,522907.36,25,N,Prepaid,700-740,<=15 Years,Prepaid,9,2008
229335668052,R,"JPMORGAN CHASE BANK, NATIONAL ASSOCIATION",5.375,100000,180,08/2008,09/2008,48,48,1,39,795,N,P,CP,1,P,NY,113,0,FRM,0,N,201104,5.375,10957.46,32,N,Prepaid,780+,<=15 Years,Prepaid,9,2008
279939723195,R,"HSBC BANK USA, NATIONAL ASSOCIATION",6.375,98000,360,08/2008,10/2008,75,75,1,35,752,Y,P,CP,1,P,NY,104,0,FRM,0,N,201102,6.375,94781.28,29,N,Prepaid,740-780,<= 30 Years,Prepaid,10,2008
316256262794,R,PHH MORTGAGE CORPORATION,6.375,73000,360,05/2008,07/2008,90,90,1,27,710,Y,P,CP,1,P,NY,108,25,FRM,1,N,201906,6.375,58906.72,132,N,Current,700-740,<= 30 Years,Current,7,2008
186511472920,C,"HSBC BANK USA, NATIONAL ASSOCIATION",5.75,100000,360,06/2008,08/2008,61,61,1,33,803,N,P,CP,1,P,NY,112,0,FRM,0,N,201906,5.75,81032.9,131,N,Current,780+,<= 30 Years,Current,8,2008
332877975662,B,"HSBC BANK USA, NATIONAL ASSOCIATION",6.5,172000,360,08/2008,10/2008,80,80,2,17,641,Y,P,CP,1,P,NY,113,0,FRM,0,N,201308,6.5,161176.66,59,N,Prepaid,620-660,<= 30 Years,Prepaid,10,2008
318681647573,R,"JPMORGAN CHASE BANK, NATIONAL ASSOCIATION",6.375,220000,360,12/2007,02/2008,79,80,2,33,741,N,P,CP,1,P,NY,113,0,FRM,0,N,201702,6.375,190375.26,109,N,Prepaid,740-780,<= 30 Years,Prepaid,2,2008
248869027597,R,"JPMORGAN CHASE BANK, NATIONAL ASSOCIATION",5.75,320000,360,07/2008,09/2008,76,80,1,39,783,N,P,CP,1,P,NY,100,0,FRM,0,N,201108,5.75,307301.89,36,N,Prepaid,780+,<= 30 Years,Prepaid,9,2008
194744293991,C,"JPMORGAN CHASE BANK, NATIONAL ASSOCIATION",6.25,233000,360,06/2008,08/2008,68,68,1,55,757,N,C,CP,1,P,NY,110,0,FRM,0,N,201906,3.625,219052.6,131,Y,Current,740-780,<= 30 Years,Current,8,2008
192976745248,C,"HSBC BANK USA, NATIONAL ASSOCIATION",6.25,170000,360,06/2008,08/2008,58,58,1,39,713,N,C,CP,1,P,NY,113,0,FRM,0,N,201310,6.25,158231.52,63,N,Prepaid,700-740,<= 30 Years,Prepaid,8,2008
168972205097,C,"HSBC BANK USA, NATIONAL ASSOCIATION",5.875,217000,360,05/2008,07/2008,80,80,1,34,676,Y,P,CP,1,P,NY,113,0,FRM,0,N,201011,5.875,210069.46,29,N,Prepaid,660-700,<= 30 Years,Prepaid,7,2008
292427744691,R,"CITIMORTGAGE, INC.",6,72000,360,06/2008,09/2008,37,37,1,54,791,N,C,CP,1,P,NY,112,0,FRM,0,N,201709,6,61746.43,109,N,Prepaid,780+,<= 30 Years,Prepaid,9,2008
236049554669,R,"WELLS FARGO BANK, N.A.",6,116000,360,05/2008,07/2008,68,68,1,33,800,N,R,CP,1,P,NJ,71,0,FRM,0,N,201906,6,92199.1,132,N,Current,780+,<= 30 Years,Current,7,2008
185650539769,B,"HSBC BANK USA, NATIONAL ASSOCIATION",6.25,180000,360,08/2008,10/2008,80,80,1,37,782,N,P,CP,1,P,NY,112,0,FRM,0,N,200904,6.25,178961.77,7,N,Prepaid,780+,<= 30 Years,Prepaid,10,2008
173277655599,C,"HSBC BANK USA, NATIONAL ASSOCIATION",5,88000,180,05/2008,07/2008,46,46,1,31,777,N,R,CP,1,P,NY,114,0,FRM,0,N,201710,5,5352.16,112,N,Prepaid,740-780,<=15 Years,Prepaid,7,2008
210684432784,R,"JPMORGAN CHASE BANK, NATIONAL ASSOCIATION",5.625,224000,180,06/2008,08/2008,80,80,2,33,787,N,P,CP,1,P,NY,113,0,FRM,0,N,201104,5.625,196616.46,33,N,Prepaid,780+,<=15 Years,Prepaid,8,2008
209505669901,R,OTHER,5.625,150000,180,07/2008,09/2008,32,32,1,37,803,N,C,CP,1,P,NY,100,0,FRM,0,N,201906,5.625,54950.16,130,N,Current,780+,<=15 Years,Current,9,2008
160596521008,R,"WELLS FARGO BANK, N.A.",5.875,115000,180,08/2008,10/2008,50,50,1,32,613,N,P,CP,1,P,NY,110,0,FRM,0,N,201810,5.875,49474.25,121,N,Prepaid,0-620,<=15 Years,Prepaid,10,2008
156750172059,R,"HSBC BANK USA, NATIONAL ASSOCIATION",5.875,52000,360,07/2008,09/2008,80,80,1,21,716,Y,P,CP,1,P,NY,114,0,FRM,0,N,201906,5.875,45707.1,130,Y,Current,700-740,<= 30 Years,Current,9,2008
237553393468,R,OTHER,6.25,133000,360,08/2008,10/2008,35,35,1,15,803,N,C,CP,1,P,MD,208,0,FRM,0,N,201906,6.25,109832.24,129,N,Current,780+,<= 30 Years,Current,10,2008
128872955731,R,"BANK OF AMERICA, N.A.",6.25,83000,360,06/2008,08/2008,70,70,1,25,674,N,R,MH,1,P,TN,380,0,FRM,0,N,201509,6.25,73802.02,86,N,Prepaid,660-700,<= 30 Years,Prepaid,8,2008
271776986088,R,"BANK OF AMERICA, N.A.",7.25,89000,360,08/2008,10/2008,80,80,2,19,757,Y,P,MH,1,P,DE,199,0,FRM,0,N,201904,7.25,78292.02,127,Y,RPL Loan Sale,740-780,<= 30 Years,Underperforming,10,2008
239027758242,R,OTHER,6.35,31000,120,08/2008,10/2008,62,62,1,14,799,N,R,MH,1,P,MO,634,0,FRM,0,N,201204,6.35,22584.15,43,N,Prepaid,780+,<=15 Years,Prepaid,10,2008
112784475856,B,PHH MORTGAGE CORPORATION,6.375,163000,360,05/2008,07/2008,72,72,2,24,779,N,R,MH,1,P,FL,330,0,FRM,0,N,201411,6.375,141434.54,77,N,Prepaid,740-780,<= 30 Years,Prepaid,7,2008
120298131142,B,FLAGSTAR CAPITAL MARKETS CORPORATION,6.375,100000,360,07/2008,09/2008,45,45,1,38,779,Y,P,MH,1,P,AZ,853,0,FRM,0,N,201906,6.375,81326.58,130,N,Current,740-780,<= 30 Years,Current,9,2008
346590218348,C,PHH MORTGAGE CORPORATION,6.625,68000,360,06/2008,08/2008,90,90,2,24,804,N,P,MH,1,S,WI,545,30,FRM,1,N,201209,6.625,63879.18,50,N,Prepaid,780+,<= 30 Years,Prepaid,8,2008
321725145950,R,OTHER,6.75,67000,360,09/2008,11/2008,67,67,2,46,713,N,R,MH,1,P,MI,494,0,FRM,0,N,201906,6.75,56201.89,128,N,Current,700-740,<= 30 Years,Current,11,2008
110121105939,R,OTHER,5.875,149000,180,08/2008,10/2008,83,83,2,38,811,N,P,MH,1,P,NC,287,25,FRM,1,N,200904,5.875,146094.52,7,N,Prepaid,780+,<=15 Years,Prepaid,10,2008
351176414847,R,"GMAC MORTGAGE, LLC",6.875,49000,240,07/2008,09/2008,62,62,2,33,688,N,R,MH,1,P,GA,306,0,FRM,0,N,201906,6.875,30638.33,130,N,Current,660-700,<= 30 Years,Current,9,2008
219821014553,R,OTHER,6.375,84000,360,04/2008,06/2008,37,37,1,50,675,N,P,MH,1,P,WA,982,0,FRM,0,N,201906,6.375,69013.26,133,N,Current,660-700,<= 30 Years,Current,6,2008
242111159168,R,OTHER,6.375,25000,180,06/2008,08/2008,22,22,2,38,641,N,C,MH,1,P,AZ,864,0,FRM,0,N,201507,6.375,16200.93,84,N,Prepaid,620-660,<=15 Years,Prepaid,8,2008
284525178567,R,"BANK OF AMERICA, N.A.",5.625,57000,180,07/2008,10/2008,24,24,1,26,732,N,C,MH,1,P,WA,985,0,FRM,0,N,200908,5.625,54241.33,11,N,Prepaid,700-740,<=15 Years,Prepaid,10,2008
199375908015,B,"BANK OF AMERICA, N.A.",6.625,60000,180,07/2008,09/2008,85,85,1,39,807,N,P,MH,1,S,FL,342,12,FRM,1,N,201807,6.625,25155.74,119,N,Prepaid,780+,<=15 Years,Prepaid,9,2008
224881184051,R,OTHER,7,81000,360,07/2008,09/2008,95,95,1,38,775,N,P,MH,1,P,OK,730,35,FRM,1,N,201604,7,74669.83,92,N,REO,740-780,<= 30 Years,Underperforming,9,2008
201416059890,R,OTHER,6.875,48000,360,06/2008,08/2008,80,80,1,52,709,Y,P,MH,1,P,MI,494,0,FRM,0,N,201906,6.875,39664.14,131,N,Current,700-740,<= 30 Years,Current,8,2008
183981676140,R,"BANK OF AMERICA, N.A.",5.875,95000,180,06/2008,08/2008,68,68,1,17,798,N,R,MH,1,P,LA,710,0,FRM,0,N,201705,5.875,13860.37,106,N,Prepaid,780+,<=15 Years,Prepaid,8,2008
264932743344,R,OTHER,7,64000,240,06/2008,08/2008,64,64,1,34,697,N,C,MH,1,P,TX,756,0,FRM,0,N,201401,7,53151.41,66,N,Prepaid,660-700,<= 30 Years,Prepaid,8,2008
201183971871,R,"BANK OF AMERICA, N.A.",7.25,65000,360,07/2008,09/2008,62,62,1,28,632,N,P,MH,1,S,AZ,864,0,FRM,0,N,201301,2,63909.06,53,Y,Repurchase,620-660,<= 30 Years,Underperforming,9,2008
129944285737,B,"BANK OF AMERICA, N.A.",7.25,115000,360,08/2008,09/2008,90,90,2,49,700,N,P,MH,1,P,SD,570,30,FRM,1,N,201906,7.25,97526.31,130,N,Current,660-700,<= 30 Years,Current,9,2008
209030978976,R,"BANK OF AMERICA, N.A.",6.5,400000,360,08/2008,10/2008,80,80,1,34,786,N,P,PU,1,S,TN,370,0,FRM,0,N,200901,6.5,400000,4,N,Prepaid,780+,<= 30 Years,Prepaid,10,2008
165239449971,B,"BANK OF AMERICA, N.A.",6.25,293000,360,07/2008,09/2008,80,80,3,31,815,N,P,PU,1,P,PA,150,0,FRM,0,N,200902,6.25,293000,6,N,Prepaid,780+,<= 30 Years,Prepaid,9,2008
149180821125,R,SUNTRUST MORTGAGE INC.,5.875,232000,360,06/2008,07/2008,72,72,2,24,775,N,C,PU,1,P,GA,300,0,FRM,0,N,201209,5.875,214550.39,51,N,Prepaid,740-780,<= 30 Years,Prepaid,7,2008
299128383793,R,OTHER,7,200000,360,08/2008,10/2008,70,70,2,31,611,N,C,PU,1,P,MD,209,0,FRM,0,N,201008,7,195673.17,23,N,Prepaid,0-620,<= 30 Years,Prepaid,10,2008
357612453763,C,"BANK OF AMERICA, N.A.",6.875,356000,360,07/2008,09/2008,80,80,1,37,771,Y,P,PU,1,P,TX,799,0,FRM,0,N,201208,6.875,339914.79,48,N,Prepaid,740-780,<= 30 Years,Prepaid,9,2008
192938121060,C,"WELLS FARGO BANK, N.A.",6.25,417000,360,06/2008,08/2008,78,78,1,33,762,N,P,PU,1,P,TX,774,0,FRM,0,N,200901,6.25,417000,6,N,Prepaid,740-780,<= 30 Years,Prepaid,8,2008
172011645683,R,FLAGSTAR CAPITAL MARKETS CORPORATION,6.625,417000,360,07/2008,09/2008,79,79,1,60,685,N,C,PU,1,P,FL,334,0,FRM,0,N,201407,6.625,412448.5,71,N,REO,660-700,<= 30 Years,Underperforming,9,2008
242576901553,B,"HSBC BANK USA, NATIONAL ASSOCIATION",5.375,85000,180,07/2008,09/2008,39,39,2,23,764,N,C,PU,1,P,TN,370,0,FRM,0,N,200909,5.375,81209.47,13,N,Prepaid,740-780,<=15 Years,Prepaid,9,2008
261032672766,R,"BANK OF AMERICA, N.A.",6,218000,360,06/2008,08/2008,75,75,2,23,664,N,R,PU,1,P,GA,300,0,FRM,0,N,201305,6,203727.96,58,N,Prepaid,660-700,<= 30 Years,Prepaid,8,2008
213122878210,R,OTHER,6.5,41000,180,08/2008,10/2008,11,11,1,36,783,N,P,PU,1,P,NC,275,0,FRM,0,N,200901,6.5,41000,4,N,Prepaid,780+,<=15 Years,Prepaid,10,2008
105531528200,R,"WELLS FARGO BANK, N.A.",5.375,235000,360,06/2008,08/2008,62,62,2,20,785,N,P,PU,1,P,MO,633,0,FRM,0,Y,200905,5.375,232587.15,10,N,Prepaid,780+,<= 30 Years,Prepaid,8,2008
160956607106,C,"JPMORGAN CHASE BANK, NATIONAL ASSOCIATION",6.375,219000,360,08/2008,10/2008,90,90,2,32,791,N,P,PU,1,P,TX,750,17,FRM,1,N,201002,6.375,214550.62,17,N,Prepaid,780+,<= 30 Years,Prepaid,10,2008
118888636068,C,OTHER,5.875,145000,360,05/2008,07/2008,88,88,1,32,713,Y,P,PU,1,P,FL,346,17,FRM,1,N,201801,5.875,106201.37,115,N,Prepaid,700-740,<= 30 Years,Prepaid,7,2008
231729104317,B,FLAGSTAR CAPITAL MARKETS CORPORATION,7,104000,360,06/2008,08/2008,90,90,2,32,795,N,P,PU,1,S,FL,339,25,FRM,1,N,201210,7,97509.46,51,N,Prepaid,780+,<= 30 Years,Prepaid,8,2008
252509214470,C,"WELLS FARGO BANK, N.A.",7,356000,360,08/2008,10/2008,88,88,1,54,708,N,C,PU,1,P,GA,301,25,FRM,1,N,201906,4.125,300595.48,129,Y,Current,700-740,<= 30 Years,Current,10,2008
278655568857,C,"WELLS FARGO BANK, N.A.",5.875,215000,360,07/2008,08/2008,90,90,1,64,755,Y,P,PU,1,P,NC,284,35,FRM,1,N,201712,5.875,182402.15,113,N,Prepaid,740-780,<= 30 Years,Prepaid,8,2008
194484627786,C,"JPMORGAN CHASE BANK, NATIONAL ASSOCIATION",6,145000,360,08/2008,10/2008,75,75,1,25,789,Y,P,PU,1,P,CO,806,0,FRM,0,N,200902,6,145000,5,N,Prepaid,780+,<= 30 Years,Prepaid,10,2008
129836131393,C,OTHER,6.625,139000,360,07/2008,09/2008,55,55,1,48,774,N,C,PU,1,P,MD,208,0,FRM,0,N,201109,6.625,125242.15,37,N,Prepaid,740-780,<= 30 Years,Prepaid,9,2008
206036953507,R,"BANK OF AMERICA, N.A.",6.5,389000,360,06/2008,08/2008,80,90,2,43,756,Y,P,PU,1,P,TX,773,0,FRM,0,N,200903,6.5,386001.26,8,N,Prepaid,740-780,<= 30 Years,Prepaid,8,2008
358881577649,R,"JPMORGAN CHASE BANK, NATIONAL ASSOCIATION",5.875,318000,360,07/2008,09/2008,95,95,1,30,774,Y,P,SF,1,P,CA,934,30,FRM,1,N,201206,5.875,301711.77,46,N,Prepaid,740-780,<= 30 Years,Prepaid,9,2008
206302803253,C,"JPMORGAN CHASE BANK, NATIONAL ASSOCIATION",7,180000,360,08/2008,10/2008,75,75,1,53,770,N,C,SF,1,I,AZ,850,0,FRM,0,N,201401,7,167069.19,64,N,Prepaid,740-780,<= 30 Years,Prepaid,10,2008
187243379763,C,"CITIMORTGAGE, INC.",7,70000,360,05/2008,07/2008,74,74,1,37,608,Y,P,SF,1,P,OK,735,0,FRM,0,N,201211,2.75,78529.67,53,Y,REO,0-620,<= 30 Years,Underperforming,7,2008
120113798000,R,OTHER,7.125,202000,360,06/2008,08/2008,97,97,1,38,806,Y,P,SF,1,P,ID,833,35,FRM,2,N,200909,7.125,199769.3,14,N,Prepaid,780+,<= 30 Years,Prepaid,8,2008
286668223598,B,OTHER,6.875,83000,360,07/2008,08/2008,70,70,2,49,641,N,C,SF,1,I,GA,307,0,FRM,0,N,201303,6.875,79160.1,56,N,REO,620-660,<= 30 Years,Underperforming,8,2008
130929105922,C,"CITIMORTGAGE, INC.",6.625,165000,360,08/2008,10/2008,97,97,2,37,761,Y,P,SF,1,P,AL,351,35,FRM,1,N,200910,6.625,163004.23,13,N,Prepaid,740-780,<= 30 Years,Prepaid,10,2008
362174468840,R,"WELLS FARGO BANK, N.A.",6,417000,360,06/2008,08/2008,79,90,2,41,751,N,R,SF,1,P,WI,547,0,FRM,0,N,201008,6,406442.43,25,N,Prepaid,740-780,<= 30 Years,Prepaid,8,2008
134698963930,C,SUNTRUST MORTGAGE INC.,6.375,246000,360,06/2008,08/2008,90,90,2,48,702,N,P,SF,1,P,CA,937,25,FRM,1,N,201310,6.375,229452.59,63,N,Prepaid,700-740,<= 30 Years,Prepaid,8,2008
119026497784,R,"JPMORGAN CHASE BANK, NATIONAL ASSOCIATION",5.875,350000,360,07/2008,09/2008,76,76,2,47,717,N,P,SF,1,P,UT,841,0,FRM,0,N,200910,5.875,345222.34,14,N,Prepaid,700-740,<= 30 Years,Prepaid,9,2008
171907359978,R,OTHER,7.375,40000,240,09/2008,11/2008,60,60,2,31,606,N,C,SF,1,I,OH,442,0,FRM,0,N,201608,7.375,32541.38,94,N,REO,0-620,<= 30 Years,Underperforming,11,2008
181097955734,C,"BANK OF AMERICA, N.A.",5.875,140000,180,07/2008,09/2008,80,80,1,53,659,N,C,SF,1,P,PA,171,0,FRM,0,N,201208,5.875,114357.26,48,N,Prepaid,620-660,<=15 Years,Prepaid,9,2008
139118283986,C,"BANK OF AMERICA, N.A.",6.5,168000,360,05/2008,07/2008,70,70,1,51,702,N,C,SF,1,I,PA,191,0,FRM,0,N,201809,4.625,155737.92,123,Y,RPL Loan Sale,700-740,<= 30 Years,Underperforming,7,2008
349842328833,B,FLAGSTAR CAPITAL MARKETS CORPORATION,6.875,195000,360,08/2008,10/2008,95,95,1,53,792,Y,P,SF,1,P,CA,925,25,FRM,1,N,201212,6.875,185308.27,51,N,Prepaid,780+,<= 30 Years,Prepaid,10,2008
263209246960,C,"WELLS FARGO BANK, N.A.",6.375,147000,360,06/2008,08/2008,95,95,1,40,746,Y,P,SF,1,P,CA,923,25,FRM,1,N,201809,5.125,132458.04,122,Y,RPL Loan Sale,740-780,<= 30 Years,Underperforming,8,2008
137550022234,C,"JPMORGAN CHASE BANK, NATIONAL ASSOCIATION",6.25,401000,360,07/2008,09/2008,90,90,1,58,743,N,C,SF,1,P,PA,194,25,FRM,1,N,200909,6.25,395731.79,13,N,Prepaid,740-780,<= 30 Years,Prepaid,9,2008
207919593887,C,"JPMORGAN CHASE BANK, NATIONAL ASSOCIATION",5.75,185000,360,05/2008,07/2008,85,85,1,44,723,N,R,SF,1,P,CA,959,12,FRM,1,N,201112,5.75,175725.64,42,N,Prepaid,700-740,<= 30 Years,Prepaid,7,2008
113599601857,R,"JPMORGAN CHASE BANK, NATIONAL ASSOCIATION",5.125,417000,180,06/2008,08/2008,50,80,2,44,773,N,R,SF,1,P,LA,701,0,FRM,0,N,201007,5.125,379771.3,24,N,Prepaid,740-780,<=15 Years,Prepaid,8,2008
278093652626,C,"WELLS FARGO BANK, N.A.",5.875,75000,180,07/2008,09/2008,52,52,1,22,809,N,R,SF,1,P,VA,244,0,FRM,0,N,201504,5.875,49933.12,80,N,Prepaid,780+,<=15 Years,Prepaid,9,2008
206269168745,R,"JPMORGAN CHASE BANK, NATIONAL ASSOCIATION",5.75,200000,360,06/2008,09/2008,66,66,1,31,667,N,C,SF,1,P,NJ,80,0,FRM,0,N,201001,5.75,196526.41,17,N,Prepaid,660-700,<= 30 Years,Prepaid,9,2008
139390643276,C,"WELLS FARGO BANK, N.A.",4,105000,360,08/2012,10/2012,95,95,2,32,764,N,P,CO,1,P,NV,895,30,FRM,1,N,201906,4,79706.51,81,N,Current,740-780,<= 30 Years,Current,10,2012
131892336348,R,SUNTRUST MORTGAGE INC.,3.875,212000,360,08/2012,10/2012,80,90,1,25,792,N,P,CO,1,P,TN,372,0,FRM,0,N,201906,3.875,183137.58,81,N,Current,780+,<= 30 Years,Current,10,2012
203691098890,R,OTHER,3.875,263000,360,08/2012,10/2012,90,90,1,41,706,N,P,CO,1,P,MI,483,25,FRM,1,N,201312,3.875,136911.83,15,N,Prepaid,700-740,<= 30 Years,Prepaid,10,2012
147702495259,C,"WELLS FARGO BANK, N.A.",3.75,260000,360,08/2012,10/2012,43,43,1,41,803,N,P,CO,1,P,CA,940,0,FRM,0,N,201503,3.75,248132.5,30,N,Prepaid,780+,<= 30 Years,Prepaid,10,2012
201073822083,C,"HOMEWARD RESIDENTIAL, INC.",3.99,137000,360,07/2012,09/2012,73,73,1,42,785,Y,P,CO,1,P,FL,331,0,FRM,0,N,201605,3.99,122461.32,45,N,Prepaid,780+,<= 30 Years,Prepaid,9,2012
135768208854,B,OTHER,3.5,241000,360,08/2012,10/2012,80,80,1,23,794,N,R,CO,1,P,MI,481,0,FRM,0,N,201906,3.5,206659.59,81,N,Current,780+,<= 30 Years,Current,10,2012
206889548619,B,CHICAGO MORTGAGE SOLUTIONS DBA INTERFIRST MORTGAGE COMPANY,3,196000,120,07/2012,09/2012,66,66,2,10,816,N,R,CO,1,P,MI,497,0,FRM,0,N,201805,3,11055.91,69,N,Prepaid,780+,<=15 Years,Prepaid,9,2012
179098632604,C,"WELLS FARGO BANK, N.A.",4,400000,360,06/2012,08/2012,80,80,1,44,795,Y,P,CO,1,P,CA,921,0,FRM,0,N,201906,4,344997.64,83,N,Current,780+,<= 30 Years,Current,8,2012
155456475142,R,OTHER,3.875,247000,360,09/2012,11/2012,91,91,1,28,779,Y,P,CO,1,P,IL,606,30,FRM,1,N,201611,3.875,226330.31,49,N,Prepaid,740-780,<= 30 Years,Prepaid,11,2012
165975504078,R,OTHER,3.5,401000,180,07/2012,09/2012,90,90,2,41,671,N,P,CO,1,P,MI,481,25,FRM,1,N,201906,3.5,243739.17,82,N,Current,660-700,<=15 Years,Current,9,2012
157029344358,B,OTHER,4,252000,360,07/2012,09/2012,70,70,1,32,768,N,P,CO,1,I,CA,905,0,FRM,0,N,201906,4,200351.77,82,N,Current,740-780,<= 30 Years,Current,9,2012
139859451361,R,OTHER,4,178000,360,07/2012,09/2012,85,85,1,44,727,Y,P,CO,1,P,HI,968,12,FRM,1,N,201901,4,155552.41,77,N,Prepaid,700-740,<= 30 Years,Prepaid,9,2012
146994253753,R,OTHER,3.375,160000,180,06/2012,08/2012,80,80,1,42,816,N,R,CO,1,P,MI,484,0,FRM,0,N,201702,3.375,44255.92,55,N,Prepaid,780+,<=15 Years,Prepaid,8,2012
190725746318,C,"WELLS FARGO BANK, N.A.",3.375,140000,180,05/2012,07/2012,70,70,2,38,773,N,R,CO,1,S,NY,127,0,FRM,0,N,201906,3.375,83354.58,84,N,Current,740-780,<=15 Years,Current,7,2012
206225025213,C,"WELLS FARGO BANK, N.A.",3.625,364000,360,07/2012,09/2012,70,70,1,49,802,N,P,CO,1,P,TX,752,0,FRM,0,N,201409,3.625,350071.49,25,N,Prepaid,780+,<= 30 Years,Prepaid,9,2012
220121381892,C,"JPMORGAN CHASE BANK, NATIONAL ASSOCIATION",4,342000,360,06/2012,07/2012,90,90,1,43,744,Y,P,CO,1,P,IL,606,25,FRM,1,N,201311,4,333915.65,17,N,Prepaid,740-780,<= 30 Years,Prepaid,7,2012
122078166322,B,"NYCB MORTGAGE COMPANY, LLC",3.625,143000,360,07/2012,08/2012,80,80,1,13,816,Y,P,CO,1,P,PA,180,0,FRM,0,N,201906,3.625,122436.42,83,N,Current,780+,<= 30 Years,Current,8,2012
192928798293,C,OTHER,4,137000,360,08/2012,10/2012,95,95,1,33,704,Y,P,CO,1,P,MA,18,30,FRM,1,N,201608,4,127459.84,47,N,Prepaid,700-740,<= 30 Years,Prepaid,10,2012
184573831403,B,OTHER,3.125,258000,180,07/2012,09/2012,72,72,1,20,802,N,R,CO,1,P,CA,941,0,FRM,0,N,201906,3.125,85675.26,82,N,Current,780+,<=15 Years,Current,9,2012
106997335834,R,"JPMORGAN CHASE BANK, NATIONAL ASSOCIATION",4.25,153000,240,08/2012,10/2012,69,69,2,43,676,N,C,CP,1,P,NY,113,0,FRM,0,N,201403,4.25,145620.5,18,N,Prepaid,660-700,<= 30 Years,Prepaid,10,2012
157086966313,R,PHH MORTGAGE CORPORATION,3.3,96000,180,08/2012,10/2012,74,74,1,27,811,N,R,CP,1,P,NY,105,0,FRM,0,N,201606,3.3,12314.26,45,N,Prepaid,780+,<=15 Years,Prepaid,10,2012
181406783728,R,"JPMORGAN CHASE BANK, NATIONAL ASSOCIATION",3.5,105000,120,08/2012,10/2012,66,71,1,34,800,N,R,CP,1,P,NY,113,0,FRM,0,N,201710,3.5,4815.55,61,N,Prepaid,780+,<=15 Years,Prepaid,10,2012
190187486479,B,FLAGSTAR CAPITAL MARKETS CORPORATION,3.575,196000,360,08/2012,10/2012,30,30,2,19,804,N,R,CP,1,P,NY,112,0,FRM,0,N,201808,3.575,171967.66,71,N,Prepaid,780+,<= 30 Years,Prepaid,10,2012
191470837904,R,"JPMORGAN CHASE BANK, NATIONAL ASSOCIATION",3,255000,180,08/2012,10/2012,60,60,1,19,812,N,R,CP,1,P,NY,100,0,FRM,0,N,201906,3,134647.51,81,N,Current,780+,<=15 Years,Current,10,2012
197986702011,R,"WELLS FARGO BANK, N.A.",4,212000,360,06/2012,08/2012,90,90,1,43,728,Y,P,CP,1,P,NY,107,25,FRM,1,N,201906,4,172670.42,83,N,Current,700-740,<= 30 Years,Current,8,2012
131643343022,B,"WELLS FARGO BANK, N.A.",3.75,248000,360,06/2012,08/2012,80,80,1,36,796,Y,P,CP,1,P,NY,112,0,FRM,0,N,201610,3.75,227819.43,51,N,Prepaid,780+,<= 30 Years,Prepaid,8,2012
192856669643,R,OTHER,3.75,119000,360,07/2012,09/2012,28,28,1,36,770,Y,P,CP,1,P,NY,112,0,FRM,0,N,201906,3.75,102277.55,82,N,Current,740-780,<= 30 Years,Current,9,2012
197847615367,B,"WELLS FARGO BANK, N.A.",4.125,70000,360,05/2012,07/2012,80,80,1,44,734,Y,P,CP,1,P,NY,105,0,FRM,0,N,201906,4.125,60068.33,84,N,Current,700-740,<= 30 Years,Current,7,2012
126316810288,R,"WELLS FARGO BANK, N.A.",3.625,344000,360,08/2012,10/2012,67,67,1,31,794,Y,P,CP,1,P,NY,100,0,FRM,0,N,201906,3.625,287632.42,81,N,Current,780+,<= 30 Years,Current,10,2012
167583646346,R,"CITIMORTGAGE, INC.",4,144000,360,06/2012,08/2012,80,86,1,40,755,Y,P,CP,1,P,NY,112,0,FRM,0,N,201906,4,113358.05,83,N,Current,740-780,<= 30 Years,Current,8,2012
120498935375,R,OTHER,3.875,316000,360,06/2012,08/2012,89,89,2,30,787,Y,P,CP,1,P,DC,200,25,FRM,1,N,201906,3.875,270246.23,83,N,Current,780+,<= 30 Years,Current,8,2012
174936619368,R,"JPMORGAN CHASE BANK, NATIONAL ASSOCIATION",4,222000,360,07/2012,09/2012,80,80,1,23,768,Y,P,CP,1,P,NY,100,0,FRM,0,N,201906,4,190685.6,82,N,Current,740-780,<= 30 Years,Current,9,2012
221790948694,R,"JPMORGAN CHASE BANK, NATIONAL ASSOCIATION",3.875,150000,360,08/2012,10/2012,79,79,1,20,769,Y,P,CP,1,P,NY,112,0,FRM,0,N,201906,3.875,129578.6,81,N,Current,740-780,<= 30 Years,Current,10,2012
127782165977,R,"JPMORGAN CHASE BANK, NATIONAL ASSOCIATION",3.75,626000,360,09/2012,11/2012,49,49,2,46,799,N,P,CP,1,P,NY,100,0,FRM,0,N,201806,3.75,555406.13,68,N,Prepaid,780+,<= 30 Years,Prepaid,11,2012
215955238139,R,"CITIMORTGAGE, INC.",4.25,230000,360,06/2012,08/2012,39,39,1,37,646,N,C,CP,1,P,NY,104,0,FRM,0,N,201906,4.25,199487.57,83,N,Current,620-660,<= 30 Years,Current,8,2012
116342949460,R,"CITIMORTGAGE, INC.",4.25,290000,360,07/2012,09/2012,80,80,2,32,759,Y,P,CP,1,P,NY,100,0,FRM,0,N,201906,4.25,252409.46,82,N,Current,740-780,<= 30 Years,Current,9,2012
137952009920,R,"JPMORGAN CHASE BANK, NATIONAL ASSOCIATION",4,408000,360,05/2012,07/2012,77,77,2,45,684,N,R,CP,1,P,NY,100,0,FRM,0,N,201906,4,351122.02,84,N,Current,660-700,<= 30 Years,Current,7,2012
173234082584,B,"WELLS FARGO BANK, N.A.",3.5,308000,360,06/2012,08/2012,75,75,2,16,788,Y,P,CP,1,P,NY,100,0,FRM,0,N,201906,3.5,63196.18,83,N,Current,780+,<= 30 Years,Current,8,2012
187049683962,R,OTHER,4,116000,360,07/2012,09/2012,80,80,1,33,766,Y,P,MH,1,P,NV,894,0,FRM,0,N,201906,4,98055.27,82,N,Current,740-780,<= 30 Years,Current,9,2012
209594086362,R,OTHER,3.625,43000,240,06/2012,08/2012,80,80,1,28,693,Y,P,MH,1,P,MI,492,0,FRM,0,N,201906,3.625,30952.84,83,N,Current,660-700,<= 30 Years,Current,8,2012
171528433431,R,OTHER,3.625,87000,240,06/2012,08/2012,39,39,2,24,814,N,R,MH,1,P,OR,975,0,FRM,0,N,201604,3.625,75096.07,45,N,Prepaid,780+,<= 30 Years,Prepaid,8,2012
221655914184,R,OTHER,2.75,71000,180,09/2012,11/2012,79,79,1,42,805,N,R,MH,1,P,TN,385,0,FRM,0,N,201906,2.75,42359.28,80,N,Current,780+,<=15 Years,Current,11,2012
137008144591,C,FEDERAL HOME LOAN BANK OF CHICAGO,3.75,137000,240,08/2012,10/2012,65,65,2,33,744,N,C,MH,1,P,IA,515,0,FRM,0,N,201906,3.75,101284.71,81,N,Current,740-780,<= 30 Years,Current,10,2012
130243276821,R,OTHER,3.6,85000,360,07/2012,09/2012,74,74,1,38,795,N,P,MH,1,P,WI,541,0,FRM,0,N,201310,3.6,83123.39,14,N,Prepaid,780+,<= 30 Years,Prepaid,9,2012
191361025309,R,OTHER,4,158000,360,07/2012,09/2012,69,69,1,44,809,N,R,MH,1,P,WA,982,0,FRM,0,N,201611,4,145628.97,51,N,Prepaid,780+,<= 30 Years,Prepaid,9,2012
136831532610,R,OTHER,3.625,43000,360,07/2012,10/2012,31,31,1,25,738,N,R,MH,1,P,WA,983,0,FRM,0,N,201309,3.625,40974.98,12,N,Prepaid,700-740,<= 30 Years,Prepaid,10,2012
138886952684,R,OTHER,3.375,95000,360,09/2012,11/2012,95,95,2,32,803,N,P,MH,1,P,TN,377,30,FRM,1,N,201906,3.375,81271.55,80,N,Current,780+,<= 30 Years,Current,11,2012
176070536074,B,OTHER,4.25,52000,360,07/2012,09/2012,80,80,1,44,743,Y,P,MH,1,P,CA,925,0,FRM,0,N,201906,4.25,44804.92,82,N,Current,740-780,<= 30 Years,Current,9,2012
162453411370,R,OTHER,4.625,166000,360,07/2012,09/2012,80,80,2,40,785,N,R,MH,1,P,WA,986,0,FRM,0,N,201903,4.625,143455.47,79,N,Prepaid,780+,<= 30 Years,Prepaid,9,2012
161222382047,R,OTHER,4.5,77000,360,07/2012,09/2012,66,66,2,32,678,N,P,MH,1,P,LA,704,0,FRM,0,N,201906,4.5,65874.03,82,N,Current,660-700,<= 30 Years,Current,9,2012
136092196686,R,OTHER,3.75,55000,360,07/2012,09/2012,65,65,1,45,756,N,P,MH,1,S,WI,541,0,FRM,0,N,201906,3.75,33640.93,82,N,Current,740-780,<= 30 Years,Current,9,2012
174055261472,R,OTHER,4.125,156000,360,06/2012,08/2012,73,73,1,21,731,N,R,MH,1,P,WA,980,0,FRM,0,N,201810,4.125,121095.11,75,N,Prepaid,700-740,<= 30 Years,Prepaid,8,2012
135586914366,R,OTHER,3,99000,180,07/2012,09/2012,80,80,1,22,679,Y,P,MH,1,P,AZ,860,0,FRM,0,N,201906,3,54120.37,82,N,Current,660-700,<=15 Years,Current,9,2012
212286918249,R,OTHER,4,83000,360,06/2012,08/2012,55,76,2,15,791,N,R,MH,1,P,OR,978,0,FRM,0,N,201708,4,74473.25,61,N,Prepaid,780+,<= 30 Years,Prepaid,8,2012
141753729059,R,"WELLS FARGO BANK, N.A.",4.25,36000,360,07/2012,09/2012,80,80,1,39,755,N,P,MH,1,S,GA,305,0,FRM,0,N,201703,4.25,32927.26,55,N,Prepaid,740-780,<= 30 Years,Prepaid,9,2012
201910435710,R,OTHER,3.5,64000,180,09/2012,11/2012,56,56,2,29,694,N,C,MH,1,P,LA,704,0,FRM,0,N,201906,3.5,39004.87,80,N,Current,660-700,<=15 Years,Current,11,2012
105087433199,R,OTHER,3.5,160000,360,08/2012,10/2012,80,80,2,33,763,N,P,MH,1,P,NE,691,0,FRM,0,N,201906,3.5,137571.52,81,N,Current,740-780,<= 30 Years,Current,10,2012
185473368176,R,OTHER,4.25,331000,240,07/2012,09/2012,95,95,2,33,691,N,P,PU,1,P,ID,836,25,FRM,1,N,201406,4.25,311364.21,22,N,Prepaid,660-700,<= 30 Years,Prepaid,9,2012
223365149881,R,PHH MORTGAGE CORPORATION,3.71,300000,360,07/2012,09/2012,53,53,2,39,740,N,P,PU,1,P,PA,184,0,FRM,0,N,201906,3.71,256217,82,N,Current,700-740,<= 30 Years,Current,9,2012
177592466891,R,OTHER,3.5,297000,360,08/2012,10/2012,70,70,2,26,759,N,R,PU,1,P,TX,773,0,FRM,0,N,201906,3.5,251325.54,81,N,Current,740-780,<= 30 Years,Current,10,2012
158253799881,R,PHH MORTGAGE CORPORATION,4.04,143000,360,06/2012,08/2012,60,65,2,21,771,N,R,PU,1,P,CO,805,0,FRM,0,N,201305,4.04,141103.96,10,N,Prepaid,740-780,<= 30 Years,Prepaid,8,2012
185374454601,R,OTHER,3.625,399000,360,07/2012,09/2012,95,95,2,29,770,N,P,PU,1,P,CO,802,35,FRM,1,N,201505,3.625,377716.08,33,N,Prepaid,740-780,<= 30 Years,Prepaid,9,2012
129038020764,R,OTHER,4,346000,360,06/2012,08/2012,95,95,2,36,774,N,P,PU,1,P,AZ,853,30,FRM,1,N,201605,4,321621.2,46,N,Prepaid,740-780,<= 30 Years,Prepaid,8,2012
221525706028,B,OTHER,3.625,156000,360,08/2012,10/2012,80,80,2,16,800,Y,P,PU,1,P,CA,936,0,FRM,0,N,201711,3.625,139938.11,62,N,Prepaid,780+,<= 30 Years,Prepaid,10,2012
190234438631,R,OTHER,3.875,97000,360,06/2012,07/2012,48,48,2,14,802,N,R,PU,1,P,OR,971,0,FRM,0,N,201906,3.875,83234.67,84,N,Current,780+,<= 30 Years,Current,7,2012
160996280487,B,"NYCB MORTGAGE COMPANY, LLC",2.875,272000,180,07/2012,09/2012,39,39,2,30,808,N,R,PU,1,P,CA,921,0,FRM,0,N,201906,2.875,161041.68,82,N,Prepaid,780+,<=15 Years,Prepaid,9,2012
107190576359,C,"WELLS FARGO BANK, N.A.",3.125,166000,180,05/2012,07/2012,80,80,1,35,772,Y,P,PU,1,P,OK,731,0,FRM,0,N,201906,3.125,38530.74,84,N,Current,740-780,<=15 Years,Current,7,2012
153847112592,R,"WELLS FARGO BANK, N.A.",3.375,506000,180,06/2012,08/2012,60,62,2,39,784,N,R,PU,1,P,WA,980,0,FRM,0,N,201906,3.375,304085.37,83,N,Current,780+,<=15 Years,Current,8,2012
102380039109,R,OTHER,3.25,401000,180,06/2012,08/2012,54,54,2,46,818,N,R,PU,1,P,CA,926,0,FRM,0,N,201906,3.25,240258.89,83,N,Current,780+,<=15 Years,Current,8,2012
116768975525,R,OTHER,3.125,183000,180,05/2012,07/2012,75,75,2,31,728,Y,P,PU,1,P,NJ,88,0,FRM,0,N,201711,3.125,121819.12,65,N,Prepaid,700-740,<=15 Years,Prepaid,7,2012
118270348724,R,OTHER,3.875,184000,360,07/2012,09/2012,80,95,1,35,813,Y,P,PU,1,P,MO,633,0,FRM,0,N,201409,3.875,176351.92,25,N,Prepaid,780+,<= 30 Years,Prepaid,9,2012
141109761292,B,OTHER,4.25,80000,360,07/2012,09/2012,90,90,2,11,778,N,P,PU,1,S,NV,891,25,FRM,1,N,201906,4.25,69621.49,82,N,Current,740-780,<= 30 Years,Current,9,2012
135803431940,C,"WELLS FARGO BANK, N.A.",4.375,257000,360,05/2012,07/2012,95,95,2,33,797,N,P,PU,1,P,CA,956,30,FRM,1,N,201906,4.375,222613.7,84,N,Current,780+,<= 30 Years,Current,7,2012
121285312631,R,"WELLS FARGO BANK, N.A.",3.875,400000,360,05/2012,07/2012,80,80,2,42,802,N,P,PU,1,P,FL,333,0,FRM,0,N,201906,3.875,343240.86,84,N,Current,780+,<= 30 Years,Current,7,2012
151634928766,C,"WELLS FARGO BANK, N.A.",3.5,280000,360,07/2012,09/2012,61,78,2,22,811,N,R,PU,1,P,MO,630,0,FRM,0,N,201906,3.5,239245.22,82,N,Current,780+,<= 30 Years,Current,9,2012
215525701676,R,OTHER,3,104000,180,06/2012,08/2012,80,80,1,27,754,N,P,PU,1,S,NV,891,0,FRM,0,N,201608,3,67980.42,49,N,Prepaid,740-780,<=15 Years,Prepaid,8,2012
160389585948,C,"WELLS FARGO BANK, N.A.",3.75,220000,360,06/2012,08/2012,76,76,1,27,828,N,R,SF,1,P,PA,180,0,FRM,0,N,201906,3.75,178957.48,83,N,Current,780+,<= 30 Years,Current,8,2012
147019767160,R,"WELLS FARGO BANK, N.A.",3.75,208000,360,07/2012,09/2012,80,80,1,41,804,N,P,SF,1,S,NC,279,0,FRM,0,N,201507,3.75,196653.07,35,N,Prepaid,780+,<= 30 Years,Prepaid,9,2012
107774304187,C,"WELLS FARGO BANK, N.A.",3.75,195000,360,06/2012,08/2012,73,73,1,37,809,N,R,SF,1,P,IL,601,0,FRM,0,N,201906,3.75,166174.19,83,N,Current,780+,<= 30 Years,Current,8,2012
108956157419,R,OTHER,2.75,30000,120,07/2012,09/2012,63,63,2,40,782,N,C,SF,1,I,IL,626,0,FRM,0,N,201906,2.75,9869.16,82,N,Current,780+,<=15 Years,Current,9,2012
195816607220,C,FRANKLIN AMERICAN MORTGAGE COMPANY,3.25,73000,180,05/2012,07/2012,69,69,1,26,763,N,R,SF,1,P,WI,544,0,FRM,0,N,201906,3.25,29062.29,84,N,Current,740-780,<=15 Years,Current,7,2012
143574711357,R,"WELLS FARGO BANK, N.A.",4.5,404000,360,06/2012,08/2012,80,80,1,45,630,N,P,SF,1,P,CA,945,0,FRM,0,N,201510,4.5,382315.9,39,N,Prepaid,620-660,<= 30 Years,Prepaid,8,2012
157814750706,R,OTHER,2.5,174000,180,09/2012,11/2012,90,90,2,26,792,N,P,SF,1,P,TX,799,12,FRM,1,N,201906,2.5,89957.46,80,N,Current,780+,<=15 Years,Current,11,2012
194741644068,R,OTHER,3.125,150000,120,06/2012,08/2012,70,70,2,15,787,N,R,SF,1,P,OH,452,0,FRM,0,N,201404,3.125,125922.61,21,N,Prepaid,780+,<=15 Years,Prepaid,8,2012
169312763362,C,"JPMORGAN CHASE BANK, NATIONAL ASSOCIATION",3.5,218000,360,07/2012,09/2012,70,70,2,14,800,N,R,SF,1,P,UT,841,0,FRM,0,N,201906,3.5,186526.59,82,N,Current,780+,<= 30 Years,Current,9,2012
120855039267,C,FLAGSTAR CAPITAL MARKETS CORPORATION,4,364000,360,07/2012,09/2012,75,75,2,37,741,N,C,SF,1,I,CA,950,0,FRM,0,N,201806,4,320929,70,N,Prepaid,740-780,<= 30 Years,Prepaid,9,2012
148612697791,C,FEDERAL HOME LOAN BANK OF CHICAGO,2.625,185000,180,08/2012,10/2012,74,74,1,19,780,N,R,SF,1,P,IN,475,0,FRM,0,N,201605,2.625,146976.18,44,N,Prepaid,740-780,<=15 Years,Prepaid,10,2012
216049978373,C,FEDERAL HOME LOAN BANK OF CHICAGO,2.875,164000,180,08/2012,11/2012,69,69,2,41,788,N,C,SF,1,P,MO,634,0,FRM,0,N,201906,2.875,93957.48,80,N,Current,780+,<=15 Years,Current,11,2012
141445190908,R,OTHER,3.625,126000,360,09/2012,11/2012,97,97,1,26,813,Y,P,SF,1,P,GA,310,35,FRM,1,N,201906,3.625,108382.61,80,N,Current,780+,<= 30 Years,Current,11,2012
215534002663,C,"WELLS FARGO BANK, N.A.",3.625,220000,240,05/2012,07/2012,59,59,1,33,805,N,R,SF,1,P,VA,238,0,FRM,0,N,201906,3.625,61003.03,84,N,Current,780+,<= 30 Years,Current,7,2012
111002732893,C,FLAGSTAR CAPITAL MARKETS CORPORATION,3.875,98000,360,06/2012,08/2012,69,69,1,42,753,N,R,SF,1,P,IN,463,0,FRM,0,N,201706,3.875,88353.91,59,N,Prepaid,740-780,<= 30 Years,Prepaid,8,2012
177775688143,R,OTHER,3.625,147000,300,08/2012,10/2012,77,77,2,28,757,N,C,SF,1,P,OH,446,0,FRM,0,N,201410,3.625,139500.82,25,N,Prepaid,740-780,<= 30 Years,Prepaid,10,2012
184586105031,C,SUNTRUST MORTGAGE INC.,3.25,87000,180,05/2012,07/2012,80,80,1,44,731,N,C,SF,1,P,OK,731,0,FRM,0,N,201301,3.25,87000,7,N,Prepaid,700-740,<=15 Years,Prepaid,7,2012
217884196097,R,OTHER,3.875,335000,360,07/2012,09/2012,85,85,1,24,747,Y,P,SF,1,P,CA,923,12,FRM,1,N,201906,3.875,264602.43,82,N,Current,740-780,<= 30 Years,Current,9,2012
223219677794,R,OTHER,3.75,84000,360,06/2012,08/2012,80,80,1,14,809,Y,P,SF,1,P,OH,446,0,FRM,0,N,201906,3.75,71689.14,83,N,Current,780+,<= 30 Years,Current,8,2012
243832954536,R,"WELLS FARGO BANK, N.A.",3.25,157000,180,06/2016,08/2016,40,40,2,38,802,N,P,CO,1,P,ID,838,0,FRM,0,N,201906,3.25,132144.83,35,N,Current,780+,<=15 Years,Current,8,2016
228213514831,R,OTHER,3.75,364000,360,06/2016,08/2016,80,80,1,49,739,Y,P,CO,1,P,CA,920,0,FRM,0,N,201906,3.75,343734.91,35,N,Current,700-740,<= 30 Years,Current,8,2016
109102971405,R,"WELLS FARGO BANK, N.A.",4.5,94000,360,07/2016,09/2016,95,95,1,27,751,Y,P,CO,1,P,FL,339,30,FRM,2,N,201906,4.5,89115.12,34,N,Current,740-780,<= 30 Years,Current,9,2016
215451479848,R,"WELLS FARGO BANK, N.A.",4.25,195000,360,08/2016,10/2016,97,97,1,29,719,Y,P,CO,1,P,MD,209,25,FRM,2,N,201906,4.25,183014.87,33,N,Current,700-740,<= 30 Years,Current,10,2016
136548573617,C,"WELLS FARGO BANK, N.A.",4.5,98000,360,03/2016,05/2016,80,80,2,35,704,N,P,CO,1,I,WI,549,0,FRM,0,N,201906,4.5,88115.98,38,N,Current,700-740,<= 30 Years,Current,5,2016
126262119065,B,QUICKEN LOANS INC.,3.75,122000,360,07/2016,09/2016,62,62,1,43,730,Y,P,CO,1,P,NJ,77,0,FRM,0,N,201710,3.75,118354.65,14,N,Prepaid,700-740,<= 30 Years,Prepaid,9,2016
240659316173,R,OTHER,4.375,122000,360,07/2016,09/2016,90,90,1,40,658,Y,P,CO,1,P,MI,493,25,FRM,1,N,201906,4.375,115623.87,34,N,Current,620-660,<= 30 Years,Current,9,2016
150781160519,C,OTHER,3.375,235000,360,09/2016,11/2016,59,59,1,48,775,N,R,CO,1,P,CA,926,0,FRM,0,N,201906,3.375,222237.58,32,N,Current,740-780,<= 30 Years,Current,11,2016
125957157304,C,OTHER,3.875,369000,360,07/2016,09/2016,90,90,2,44,723,Y,P,CO,1,P,CA,905,25,FRM,1,N,201904,3.875,351305.86,32,N,Prepaid,700-740,<= 30 Years,Prepaid,9,2016
190829043826,R,"WELLS FARGO BANK, N.A.",3.875,310000,360,06/2016,08/2016,80,80,1,39,771,Y,P,CO,1,P,CT,69,0,FRM,0,N,201906,3.875,275626.66,35,N,Current,740-780,<= 30 Years,Current,8,2016
241723902261,R,OTHER,4.125,327000,360,08/2016,10/2016,75,75,1,44,797,N,C,CO,1,I,CA,951,0,FRM,0,N,201808,4.125,315992.52,23,N,Prepaid,780+,<= 30 Years,Prepaid,10,2016
191475151233,R,OTHER,3.625,325000,360,08/2016,10/2016,69,69,1,30,809,N,C,CO,1,P,CA,927,0,FRM,0,N,201906,3.625,307189.88,33,N,Current,780+,<= 30 Years,Current,10,2016
116726736695,R,OTHER,3.875,56000,360,08/2016,10/2016,80,80,1,44,775,N,P,CO,1,P,IL,600,0,FRM,0,N,201906,3.875,53056.02,33,N,Current,740-780,<= 30 Years,Current,10,2016
116898121056,C,OTHER,4.375,275000,360,07/2016,09/2016,95,102,1,45,656,Y,P,CO,1,P,CA,906,16,FRM,1,N,201906,4.375,261189.23,34,N,Current,620-660,<= 30 Years,Current,9,2016
111935691739,R,OTHER,4.75,221000,360,07/2016,09/2016,95,95,2,37,625,Y,P,CO,1,P,NJ,77,30,FRM,1,N,201906,4.75,210734.64,34,N,Current,620-660,<= 30 Years,Current,9,2016
138954138956,R,OTHER,3.75,288000,360,06/2016,08/2016,90,90,2,18,746,Y,P,CO,1,P,CO,803,25,FRM,1,N,201906,3.75,119491.54,35,N,Current,740-780,<= 30 Years,Current,8,2016
241559245228,R,OTHER,3.625,188000,360,08/2016,10/2016,95,95,1,43,786,Y,P,CO,1,P,OR,971,25,FRM,1,N,201906,3.625,177616.27,33,N,Current,780+,<= 30 Years,Current,10,2016
121785714529,C,"WELLS FARGO BANK, N.A.",3.625,140000,360,07/2016,09/2016,80,80,1,39,793,N,P,CO,1,P,UT,840,0,FRM,0,N,201906,3.625,131194.83,34,N,Current,780+,<= 30 Years,Current,9,2016
136896855734,B,"STEARNS LENDING, LLC",3.625,287000,360,07/2016,09/2016,80,80,1,36,725,N,P,CO,1,P,CA,922,0,FRM,0,N,201906,3.625,266614.9,34,N,Current,700-740,<= 30 Years,Current,9,2016
106687631885,R,"JPMORGAN CHASE BANK, NATIONAL ASSOCIATION",4.375,138000,360,05/2016,07/2016,87,87,1,43,711,Y,P,CP,1,P,NY,105,25,FRM,1,N,201906,4.375,130963.04,36,N,Current,700-740,<= 30 Years,Current,7,2016
161925515524,C,"CITIMORTGAGE, INC.",3.25,191000,120,05/2016,07/2016,52,52,2,26,805,N,R,CP,1,S,NY,100,0,FRM,0,N,201806,3.25,139721.52,24,N,Prepaid,780+,<=15 Years,Prepaid,7,2016
126180725212,C,"WELLS FARGO BANK, N.A.",4.375,106000,360,05/2016,07/2016,90,90,1,33,710,Y,P,CP,1,P,NY,115,25,FRM,1,N,201906,4.375,100544.46,36,N,Current,700-740,<= 30 Years,Current,7,2016
220021720463,R,OTHER,3.75,56000,360,06/2016,08/2016,80,80,1,18,792,Y,P,CP,1,P,NY,115,0,FRM,0,N,201906,3.75,52507.94,35,N,Current,780+,<= 30 Years,Current,8,2016
107915228389,R,"CITIMORTGAGE, INC.",3.75,625000,360,08/2016,10/2016,12,12,1,48,767,N,C,CP,1,P,NY,100,0,FRM,0,N,201906,3.75,592331.07,33,N,Current,740-780,<= 30 Years,Current,10,2016
210140179489,C,"JPMORGAN CHASE BANK, NATIONAL ASSOCIATION",3.875,350000,360,03/2016,05/2016,13,13,2,31,802,N,C,CP,1,P,NY,100,0,FRM,0,N,201611,3.875,350000,7,N,Prepaid,780+,<= 30 Years,Prepaid,5,2016
158576307387,B,OTHER,4.375,164000,360,08/2016,10/2016,80,80,2,50,792,N,P,CP,1,P,CA,926,0,FRM,0,N,201706,4.375,162209.98,9,N,Prepaid,780+,<= 30 Years,Prepaid,10,2016
206453970754,C,"WELLS FARGO BANK, N.A.",3.5,135000,180,03/2016,05/2016,58,58,1,28,744,Y,P,CP,1,P,NY,111,0,FRM,0,N,201906,3.5,112071.22,38,N,Current,740-780,<=15 Years,Current,5,2016
198488835013,R,OTHER,2.6,381000,180,07/2016,09/2016,46,46,2,21,785,N,R,CP,1,P,NY,112,0,FRM,0,N,201906,2.6,319923.78,34,N,Current,780+,<=15 Years,Current,9,2016
242848431308,R,"WELLS FARGO BANK, N.A.",4,45000,360,05/2016,07/2016,90,90,1,18,745,Y,P,CP,1,P,NY,126,0,FRM,0,N,201906,4,40713.94,36,N,Current,740-780,<= 30 Years,Current,7,2016
121030087615,R,QUICKEN LOANS INC.,4.375,481000,360,06/2016,07/2016,21,21,1,38,685,N,C,CP,1,P,NY,100,0,FRM,0,N,201906,4.375,456060.57,36,N,Current,660-700,<= 30 Years,Current,7,2016
196595667239,C,OTHER,3.25,350000,360,07/2016,09/2016,44,44,1,41,756,N,P,CP,1,P,NY,100,0,FRM,0,N,201906,3.25,323069.01,34,N,Current,740-780,<= 30 Years,Current,9,2016
159978561317,C,"WELLS FARGO BANK, N.A.",4.75,175000,360,04/2016,06/2016,73,73,1,29,807,N,C,CP,1,P,NJ,79,0,FRM,0,N,201906,4.75,166015.53,37,N,Current,780+,<= 30 Years,Current,6,2016
126416160744,R,"CITIMORTGAGE, INC.",3.75,205000,348,06/2016,08/2016,51,51,1,34,788,N,P,CP,1,P,NY,100,0,FRM,0,N,201906,3.75,188254.83,35,N,Current,780+,<= 30 Years,Current,8,2016
189821327642,R,"JPMORGAN CHASE BANK, NATIONAL ASSOCIATION",2.875,200000,180,06/2016,08/2016,80,80,1,29,765,N,P,CP,1,P,NY,112,0,FRM,0,N,201906,2.875,122506.53,35,N,Current,740-780,<=15 Years,Current,8,2016
240335328249,R,"CITIMORTGAGE, INC.",3.375,142000,360,05/2016,07/2016,65,65,1,40,801,Y,P,CP,1,P,NY,113,0,FRM,0,N,201906,3.375,133383,36,N,Current,780+,<= 30 Years,Current,7,2016
151228751613,R,"WELLS FARGO BANK, N.A.",4.25,57000,360,04/2016,06/2016,68,68,2,43,705,Y,P,CP,1,P,NJ,88,0,FRM,0,N,201906,4.25,53901.08,37,N,Current,700-740,<= 30 Years,Current,6,2016
134011939607,R,"CITIMORTGAGE, INC.",3.5,220000,360,07/2016,09/2016,69,69,1,49,769,Y,P,CP,1,P,NY,104,0,FRM,0,N,201906,3.5,207643.51,34,N,Current,740-780,<= 30 Years,Current,9,2016
130343354812,R,"CITIMORTGAGE, INC.",3.5,211000,240,07/2016,09/2016,39,39,2,9,796,N,R,CP,1,P,DC,200,0,FRM,0,N,201906,3.5,180110.14,34,N,Current,780+,<= 30 Years,Current,9,2016
101098142223,R,OTHER,4.625,76000,360,07/2016,09/2016,37,37,1,31,719,N,P,MH,1,P,FL,342,0,FRM,0,N,201803,4.625,73945.97,19,N,Prepaid,700-740,<= 30 Years,Prepaid,9,2016
109633648333,C,OTHER,4.375,109000,360,08/2016,10/2016,95,95,2,19,736,Y,P,MH,1,P,FL,335,30,FRM,1,N,201906,4.375,102620.55,33,N,Current,700-740,<= 30 Years,Current,10,2016
112726513782,R,OTHER,4,66000,360,06/2016,08/2016,80,80,2,33,783,N,P,MH,1,S,NV,890,0,FRM,0,N,201707,4,64149.41,12,N,Prepaid,780+,<= 30 Years,Prepaid,8,2016
105321398208,R,OTHER,3.625,216000,360,07/2016,09/2016,51,51,2,45,718,Y,P,MH,1,P,CA,919,0,FRM,0,N,201906,3.625,201887.59,34,N,Current,700-740,<= 30 Years,Current,9,2016
111539636554,C,OTHER,4,130000,360,08/2016,10/2016,52,52,2,21,735,N,R,MH,1,P,CA,952,0,FRM,0,N,201906,4,123477.58,33,N,Current,700-740,<= 30 Years,Current,10,2016
195183397463,R,"WELLS FARGO BANK, N.A.",4.125,293000,240,06/2016,08/2016,57,57,2,41,722,N,R,MH,1,P,CA,934,0,FRM,0,N,201611,4.125,293000,4,N,Prepaid,700-740,<= 30 Years,Prepaid,8,2016
239729807866,C,OTHER,3.875,65000,180,07/2016,10/2016,65,65,2,43,683,N,C,MH,1,P,WI,541,0,FRM,0,N,201906,3.875,55287.35,33,N,Current,660-700,<=15 Years,Current,10,2016
102257947795,R,OTHER,3.5,110000,360,07/2016,09/2016,29,29,1,21,673,Y,P,MH,1,P,CA,954,0,FRM,0,N,201906,3.5,103282.82,34,N,Current,660-700,<= 30 Years,Current,9,2016
219731385223,R,"WELLS FARGO BANK, N.A.",4.375,71000,360,08/2016,10/2016,95,95,1,33,683,Y,P,MH,1,P,IN,472,30,FRM,1,N,201906,4.375,67103.82,33,N,Current,660-700,<= 30 Years,Current,10,2016
216300891762,C,OTHER,3.75,162000,360,07/2016,09/2016,95,95,1,14,697,Y,P,MH,1,P,WY,827,30,FRM,1,N,201906,3.75,145616.8,34,N,Current,660-700,<= 30 Years,Current,9,2016
159069977989,C,OTHER,4.49,66000,360,05/2016,07/2016,80,80,1,37,731,N,P,MH,1,P,OH,446,0,FRM,0,N,201906,4.49,61389.1,36,N,Current,700-740,<= 30 Years,Current,7,2016
159060072194,R,"CALIBER HOME LOANS, INC.",4.25,128000,360,06/2016,08/2016,80,80,1,44,761,Y,P,MH,1,P,NV,897,0,FRM,0,N,201906,4.25,121441.34,35,N,Current,740-780,<= 30 Years,Current,8,2016
179137268912,R,OTHER,4.5,98000,240,08/2016,10/2016,36,48,2,37,651,N,C,MH,1,P,OR,974,0,FRM,0,N,201804,4.5,93592.99,19,N,Prepaid,620-660,<= 30 Years,Prepaid,10,2016
168559927378,B,OTHER,4.75,52000,360,07/2016,09/2016,80,80,1,45,760,N,P,MH,1,P,FL,328,0,FRM,0,N,201906,4.75,49145.27,34,N,Current,740-780,<= 30 Years,Current,9,2016
235202476497,R,OTHER,3.125,162000,180,08/2016,10/2016,80,80,2,37,779,N,R,MH,1,P,WA,986,0,FRM,0,N,201906,3.125,134848.22,33,N,Current,740-780,<=15 Years,Current,10,2016
104100033546,C,OTHER,4.25,156000,360,05/2016,07/2016,95,95,1,35,788,N,P,MH,1,P,MI,490,30,FRM,1,N,201906,4.25,131487.55,36,N,Current,780+,<= 30 Years,Current,7,2016
142643158465,R,"WELLS FARGO BANK, N.A.",4.375,86000,360,07/2016,09/2016,80,80,2,39,809,N,P,MH,1,P,NC,284,0,FRM,0,N,201906,4.375,81814.74,34,N,Current,780+,<= 30 Years,Current,9,2016
215969034789,R,OTHER,4.25,63000,360,07/2016,09/2016,48,58,1,16,669,N,R,MH,1,P,WV,263,0,FRM,0,N,201906,4.25,59394.32,34,N,Current,660-700,<= 30 Years,Current,9,2016
207713680781,C,OTHER,4.875,30000,360,04/2016,06/2016,78,78,1,30,813,N,P,MH,1,P,TN,378,0,FRM,0,N,201712,4.875,29312.63,19,N,Prepaid,780+,<= 30 Years,Prepaid,6,2016
173261237414,R,FINANCE OF AMERICA MORTGAGE LLC,3.75,154000,360,07/2016,09/2016,80,80,1,49,802,Y,P,PU,1,P,NM,871,0,FRM,0,N,201906,3.75,143961.71,34,N,Current,780+,<= 30 Years,Current,9,2016
164385877020,C,PENNYMAC CORP.,2.875,152000,180,07/2016,09/2016,87,87,1,44,700,N,R,PU,1,P,MO,633,12,FRM,1,N,201906,2.875,127611.72,34,N,Current,660-700,<=15 Years,Current,9,2016
104351037435,R,OTHER,2.75,343000,180,08/2016,10/2016,80,80,1,40,762,N,P,PU,1,P,AZ,852,0,FRM,0,N,201906,2.75,289802.63,33,N,Current,740-780,<=15 Years,Current,10,2016
102159429495,C,OTHER,3.375,290000,360,06/2016,08/2016,90,90,1,21,796,Y,P,PU,1,P,TX,773,25,FRM,1,N,201906,3.375,270994.81,35,N,Current,780+,<= 30 Years,Current,8,2016
241424407800,C,OTHER,2.5,249000,180,08/2016,10/2016,72,72,2,22,793,N,R,PU,1,P,MO,658,0,FRM,0,N,201906,2.5,210045.33,33,N,Current,780+,<=15 Years,Current,10,2016
177227048115,R,"JPMORGAN CHASE BANK, NATIONAL ASSOCIATION",4,417000,360,04/2016,06/2016,78,78,1,45,805,N,P,PU,1,P,CO,805,0,FRM,0,N,201701,4,417000,8,N,Prepaid,780+,<= 30 Years,Prepaid,6,2016
197388443321,R,FINANCE OF AMERICA MORTGAGE LLC,3.75,203000,360,08/2016,10/2016,90,90,2,42,733,N,P,PU,1,S,AZ,859,25,FRM,1,N,201906,3.75,191857.7,33,N,Current,700-740,<= 30 Years,Current,10,2016
243031774839,R,OTHER,3.375,306000,360,08/2016,10/2016,72,72,1,32,794,N,P,PU,1,P,CA,958,0,FRM,0,N,201906,3.375,283963,33,N,Current,780+,<= 30 Years,Current,10,2016
144496356761,R,OTHER,4.5,70000,360,09/2016,11/2016,80,80,2,24,816,N,P,PU,1,I,SC,294,0,FRM,0,N,201711,4.5,69264.22,13,N,Prepaid,780+,<= 30 Years,Prepaid,11,2016
125122381677,C,"WELLS FARGO BANK, N.A.",3.875,150000,360,06/2016,08/2016,80,80,2,32,807,N,P,PU,1,S,FL,346,0,FRM,0,N,201906,3.875,141179.64,35,N,Current,780+,<= 30 Years,Current,8,2016
240784769141,R,OTHER,3.5,326000,360,08/2016,10/2016,80,80,2,48,804,N,P,PU,1,P,IL,600,0,FRM,0,N,201906,3.5,308208.17,33,N,Current,780+,<= 30 Years,Current,10,2016
151292601307,C,OTHER,3.5,335000,360,08/2016,10/2016,80,80,2,31,739,N,P,PU,1,P,MO,630,0,FRM,0,N,201906,3.5,316953.97,33,N,Current,700-740,<= 30 Years,Current,10,2016
101880815388,R,FREEDOM MORTGAGE CORP.,3.75,188000,351,08/2016,10/2016,80,80,1,34,785,N,R,PU,1,P,MD,210,0,FRM,0,N,201906,3.75,177993.95,33,N,Current,780+,<= 30 Years,Current,10,2016
227809473524,R,FINANCE OF AMERICA MORTGAGE LLC,4.125,169000,360,07/2016,09/2016,75,75,1,31,742,N,C,PU,1,I,FL,331,0,FRM,0,N,201906,4.125,160189.97,34,N,Current,740-780,<= 30 Years,Current,9,2016
190112095258,C,U.S. BANK N.A.,4.5,73000,360,07/2016,09/2016,86,104,1,35,755,Y,P,PU,1,P,FL,322,12,FRM,1,N,201906,4.5,69283.08,34,N,Current,740-780,<= 30 Years,Current,9,2016
164350753322,R,OTHER,3.875,300000,360,07/2016,09/2016,80,80,2,19,806,N,C,PU,1,P,WA,980,0,FRM,0,N,201712,3.875,293218.62,16,N,Prepaid,780+,<= 30 Years,Prepaid,9,2016
107585296365,C,FRANKLIN AMERICAN MORTGAGE COMPANY,3.5,297000,360,08/2016,10/2016,75,75,2,36,798,N,P,PU,1,P,AZ,853,0,FRM,0,N,201906,3.5,278121.66,33,N,Current,780+,<= 30 Years,Current,10,2016
165846370254,R,OTHER,3.625,375000,360,08/2016,10/2016,60,60,2,30,746,N,P,PU,1,P,CO,806,0,FRM,0,N,201906,3.625,352709.86,33,N,Current,740-780,<= 30 Years,Current,10,2016
172140121865,C,"JPMORGAN CHASE BANK, NATIONAL ASSOCIATION",3.5,346000,360,08/2016,10/2016,80,80,2,19,811,N,P,PU,1,P,OH,430,0,FRM,0,N,201906,3.5,307129.29,33,N,Current,780+,<= 30 Years,Current,10,2016
114208850812,R,OTHER,3.75,94000,180,06/2016,08/2016,80,80,2,42,668,N,C,SF,1,P,IA,510,0,FRM,0,N,201906,3.75,79935.61,35,N,Current,660-700,<=15 Years,Current,8,2016
187769084264,R,OTHER,3.875,382000,360,06/2016,08/2016,80,80,2,41,749,N,C,SF,1,P,NC,276,0,FRM,0,N,201906,3.875,361555.39,35,N,Current,740-780,<= 30 Years,Current,8,2016
193306565155,R,OTHER,4.875,116000,360,09/2016,11/2016,80,80,2,25,744,N,P,SF,1,I,NC,281,0,FRM,0,N,201906,4.875,110941.58,32,N,Current,740-780,<= 30 Years,Current,11,2016
224490854147,R,OTHER,4,146000,360,09/2016,11/2016,97,97,2,43,684,Y,P,SF,1,P,AZ,850,35,FRM,1,N,201906,4,138433.08,32,N,Current,660-700,<= 30 Years,Current,11,2016
199772623450,C,"JPMORGAN CHASE BANK, NATIONAL ASSOCIATION",2.875,266000,180,06/2016,08/2016,80,80,1,34,797,N,P,SF,1,S,NC,281,0,FRM,0,N,201810,2.875,14071.39,27,N,Prepaid,780+,<=15 Years,Prepaid,8,2016
239233741785,B,OTHER,3.75,100000,360,08/2016,10/2016,49,49,2,35,697,N,P,SF,1,I,PA,190,0,FRM,0,N,201906,3.75,94377.16,33,N,Current,660-700,<= 30 Years,Current,10,2016
209185957619,C,"CALIBER HOME LOANS, INC.",3.5,132000,360,07/2016,09/2016,88,88,1,44,701,N,P,SF,1,P,TX,794,25,FRM,1,N,201906,3.5,124763.92,34,N,Current,700-740,<= 30 Years,Current,9,2016
222628261047,B,"FLAGSTAR BANK, FSB",4.14,131000,360,07/2016,09/2016,41,41,1,36,778,N,R,SF,1,I,CA,957,0,FRM,0,N,201906,4.14,123306.4,34,N,Current,740-780,<= 30 Years,Current,9,2016
170292602051,R,OTHER,3.875,165000,360,06/2016,08/2016,97,97,2,35,788,Y,P,SF,1,P,GA,310,35,FRM,1,N,201906,3.875,155482.56,35,N,Current,780+,<= 30 Years,Current,8,2016
150416422838,R,OTHER,3.625,200000,360,09/2016,11/2016,19,30,1,35,780,N,C,SF,1,P,CA,949,0,FRM,0,N,201906,3.625,189004.21,32,N,Current,740-780,<= 30 Years,Current,11,2016
196280780614,R,OTHER,3.625,171000,360,08/2016,10/2016,90,90,1,33,806,N,P,SF,1,S,KY,405,25,FRM,1,N,201906,3.625,159575.08,33,N,Current,780+,<= 30 Years,Current,10,2016
132786933742,R,OTHER,3.5,198000,360,08/2016,10/2016,47,47,2,24,808,N,C,SF,1,P,CA,956,0,FRM,0,N,201906,3.5,186749.59,33,N,Current,780+,<= 30 Years,Current,10,2016
125363293421,R,QUICKEN LOANS INC.,3.5,503000,360,08/2016,10/2016,69,69,2,18,802,N,R,SF,1,P,VA,222,0,FRM,0,N,201710,3.5,488456.81,13,N,Prepaid,780+,<= 30 Years,Prepaid,10,2016
206133428280,B,"STEARNS LENDING, LLC",4,259000,360,08/2016,10/2016,75,75,1,38,675,N,C,SF,1,P,CA,956,0,FRM,0,N,201811,4,248699.66,26,N,Prepaid,660-700,<= 30 Years,Prepaid,10,2016
111744114836,R,"WELLS FARGO BANK, N.A.",3.625,380000,360,06/2016,08/2016,80,80,2,28,780,N,P,SF,1,P,PA,189,0,FRM,0,N,201906,3.625,357784.43,35,N,Current,740-780,<= 30 Years,Current,8,2016
199218926434,R,OTHER,3.625,161000,360,08/2016,10/2016,75,75,1,42,772,N,R,SF,2,P,WI,546,0,FRM,0,N,201906,3.625,138829.26,33,N,Current,740-780,<= 30 Years,Current,10,2016
169885601578,R,OTHER,3.875,214000,240,06/2016,08/2016,63,63,2,26,777,N,C,SF,1,P,VT,52,0,FRM,0,N,201906,3.875,191932.39,35,N,Current,740-780,<= 30 Years,Current,8,2016
109072682942,R,OTHER,3.875,110000,360,06/2016,08/2016,83,83,2,38,758,N,R,SF,1,P,OH,442,25,FRM,1,N,201906,3.875,103377.82,35,N,Current,740-780,<= 30 Years,Current,8,2016
223549527650,B,"UNITED SHORE FINANCIAL SERVICES, LLC D/B/A UNITED WHOLESALE MORTGAGE",3.875,106000,360,07/2016,09/2016,60,60,2,31,797,N,C,SF,1,I,MI,497,0,FRM,0,N,201808,3.875,102277.57,24,N,Prepaid,780+,<= 30 Years,Prepaid,9,2016
